{
  "type": "flow",
  "kind": "artifact",
  "metadata": {
    "trifactaVersion": "7.8.0+94.20201118131723.d38dcee",
    "exportedAt": "2020-11-25T15:12:11.737Z",
    "exportedBy": 120883,
    "uuid": "97d7cc90-2f30-11eb-8f3a-133e6698dc68",
    "comment": "",
    "primaryFlowIds": [
      347191
    ],
    "edition": "Dataprep",
    "lastMigration": "20201009121100"
  },
  "data": {
    "artifacts": [],
    "connections": [],
    "flows": [
      {
        "settings": {
          "optimize": "default"
        },
        "id": 347191,
        "name": "Custom Calendars",
        "description": "",
        "defaultOutputDir": null,
        "fromExampleFlowHash": null,
        "fromExampleFlowName": null,
        "flownodes": [
          {
            "id": 1798416,
            "scriptId": 1657338,
            "flowNodeId": null,
            "wrangled": true,
            "referenceId": null
          },
          {
            "id": 1798422,
            "scriptId": 1657344,
            "flowNodeId": null,
            "wrangled": false,
            "referenceId": null
          }
        ],
        "notes": [
          {
            "id": 566,
            "content": "This%20single%20recipe%20flow%20is%20to%20generate%20a%20custom%20calendar%20dataset.%3Cdiv%3E%3Cbr%3E%3Cdiv%3EThe%20flow%20contains%204%20parameters%20that%20will%20be%20uses%20to%20generate%20calendar%20rows%3A%3C%2Fdiv%3E%3Cdiv%3E-%20The%20start%20date%20of%20the%20calendar%20%3A%20%3Cb%3Einitial_year%2C%20initial_month%2C%20initial_day%3C%2Fb%3E%3C%2Fdiv%3E%3Cdiv%3E-%20The%20number%20of%20rows%20or%20dates%20of%20the%20calendar%20%3A%20%3Cb%3Enb_increments%3C%2Fb%3E%3C%2Fdiv%3E%3Cdiv%3E%3Cb%3E%3Cbr%3E%3C%2Fb%3E%3C%2Fdiv%3E%3Cdiv%3EWe%20need%20a%20fake%20input%20dataset%20that%20can%20be%20for%20example%2C%20a%20%22select%201%20as%20dummy%22%20SQL%20query%20on%20any%20database.%3C%2Fdiv%3E%3Cdiv%3E%3Cbr%3E%3C%2Fdiv%3E%3Cdiv%3EBased%20on%20the%20start%20date%20and%20number%20of%20dates%20you%20want%20in%20your%20calendar%2C%26nbsp%3B%3C%2Fdiv%3E%3Cdiv%3Ethe%20recipe%20will%20generate%201%20row%20per%20unit%20time%20(%3Cb%3Emonth%2C%20week%2C%20day%2C%20hour%20or%20minute%3C%2Fb%3E).%26nbsp%3B%3C%2Fdiv%3E%3Cdiv%3E%3Cbr%3E%3C%2Fdiv%3E%3C%2Fdiv%3E",
            "flowGraphVertexId": 367494
          }
        ],
        "flowgraphvertices": [
          {
            "id": 331581,
            "objectType": "flownode",
            "objectId": 1798416,
            "x": 274,
            "y": 227
          },
          {
            "id": 331587,
            "objectType": "flownode",
            "objectId": 1798422,
            "x": 55,
            "y": 228
          },
          {
            "id": 367494,
            "objectType": "note",
            "objectId": 566,
            "x": -64,
            "y": -14
          }
        ],
        "flowedges": [
          {
            "id": 1591460,
            "inFlowNodeId": 1798422,
            "inPortId": null,
            "outFlowNodeId": 1798416,
            "outPortId": null
          }
        ],
        "references": [],
        "flowrunparameteroverrides": [],
        "runparameters": [
          {
            "id": 61231,
            "type": "path",
            "runParameterEdit": {
              "insertionIndices": [],
              "value": {
                "variable": {
                  "value": "1"
                }
              },
              "id": 69743,
              "overrideKey": "initial_month"
            }
          },
          {
            "id": 61232,
            "type": "path",
            "runParameterEdit": {
              "insertionIndices": [],
              "value": {
                "variable": {
                  "value": "2019"
                }
              },
              "id": 69744,
              "overrideKey": "intial_year"
            }
          },
          {
            "id": 61233,
            "type": "path",
            "runParameterEdit": {
              "insertionIndices": [],
              "value": {
                "variable": {
                  "value": "1"
                }
              },
              "id": 69745,
              "overrideKey": "initial_day"
            }
          },
          {
            "id": 61244,
            "type": "path",
            "runParameterEdit": {
              "insertionIndices": [],
              "value": {
                "variable": {
                  "value": "1000"
                }
              },
              "id": 69761,
              "overrideKey": "nb_increments"
            }
          }
        ],
        "recipes": [
          {
            "id": 1657338,
            "name": "my calendars",
            "description": null,
            "active": true,
            "nextPortId": 1,
            "steps": [
              {
                "columnMetadata": {
                  "dummy": {
                    "id": "-1xn0x3q"
                  }
                },
                "task": {
                  "annotations": {
                    "hidden": true
                  },
                  "kind": "task",
                  "type": "Load",
                  "parameters": {
                    "format": {
                      "annotations": {},
                      "kind": "func",
                      "type": "FormatBlob",
                      "parameters": {}
                    },
                    "location": {
                      "kind": "constant",
                      "type": "String",
                      "value": "portId://null"
                    },
                    "enableLineage": {
                      "kind": "constant",
                      "type": "Bool",
                      "value": true
                    },
                    "as": {
                      "kind": "array",
                      "type": "Array",
                      "value": [
                        {
                          "kind": "constant",
                          "type": "String",
                          "value": "column1"
                        }
                      ]
                    }
                  },
                  "outputName": "original_datasource_807550"
                },
                "tableData": null,
                "portId": null,
                "id": 9578000,
                "hash": "f0d28c5bb838f7cd8113a5506e57d273cafc2f2e",
                "pbemappingartifacts": [],
                "targetmappingartifacts": [],
                "dependencies": []
              },
              {
                "columnMetadata": {},
                "task": {
                  "annotations": {},
                  "kind": "task",
                  "type": "Comment",
                  "parameters": {
                    "comment": {
                      "kind": "constant",
                      "type": "String",
                      "value": "Generate calendar rows with increment number"
                    }
                  },
                  "outputName": null
                },
                "tableData": null,
                "portId": null,
                "id": 9744774,
                "hash": "76235473b6ef3e2c596611dc5d4d227a76b489a8",
                "pbemappingartifacts": [],
                "targetmappingartifacts": [],
                "dependencies": []
              },
              {
                "columnMetadata": {
                  "increments": {
                    "id": "-1ciu7sc"
                  }
                },
                "task": {
                  "annotations": {},
                  "kind": "task",
                  "type": "Derive",
                  "parameters": {
                    "type": {
                      "kind": "bundle",
                      "type": "Bundle",
                      "value": "single"
                    },
                    "value": {
                      "annotations": {},
                      "kind": "func",
                      "type": "Range",
                      "parameters": {
                        "start": {
                          "kind": "constant",
                          "type": "Integer",
                          "value": 0
                        },
                        "step": {
                          "kind": "constant",
                          "type": "Integer",
                          "value": 1
                        },
                        "stop": {
                          "kind": "variable",
                          "type": "Variable",
                          "value": "nb_increments"
                        }
                      }
                    },
                    "as": {
                      "kind": "constant",
                      "type": "String",
                      "value": "increments"
                    }
                  },
                  "outputName": null
                },
                "tableData": null,
                "portId": null,
                "id": 9580127,
                "hash": "564b98996d29004882e94f4787122093bec7a215",
                "pbemappingartifacts": [],
                "targetmappingartifacts": [],
                "dependencies": []
              },
              {
                "columnMetadata": {},
                "task": {
                  "annotations": {},
                  "kind": "task",
                  "type": "SetType",
                  "parameters": {
                    "col": {
                      "kind": "array",
                      "type": "Array",
                      "value": [
                        {
                          "kind": "column",
                          "type": "Column",
                          "value": "increments",
                          "relation": null
                        }
                      ]
                    },
                    "type": {
                      "kind": "bundle",
                      "type": "Bundle",
                      "value": "Array"
                    }
                  },
                  "outputName": null
                },
                "tableData": null,
                "portId": null,
                "id": 9580131,
                "hash": "1b073fa6c8ecdea41c7a820236c0288c2484cbd4",
                "pbemappingartifacts": [],
                "targetmappingartifacts": [],
                "dependencies": []
              },
              {
                "columnMetadata": {},
                "task": {
                  "annotations": {
                    "outputColumnAnnotations": {
                      "increments": {
                        "type": [
                          "Integer"
                        ],
                        "_likely_types": [
                          [
                            "Integer"
                          ],
                          [
                            "Float"
                          ],
                          [
                            "String"
                          ],
                          [
                            "Phone"
                          ],
                          [
                            "SSN"
                          ]
                        ]
                      }
                    }
                  },
                  "kind": "task",
                  "type": "Flatten",
                  "parameters": {
                    "col": {
                      "kind": "column",
                      "type": "Column",
                      "value": "increments",
                      "relation": null
                    }
                  },
                  "outputName": null
                },
                "tableData": null,
                "portId": null,
                "id": 9580132,
                "hash": "360592054a34ce3d8d3f42e56c0cb2d97cf7c1ab",
                "pbemappingartifacts": [],
                "targetmappingartifacts": [],
                "dependencies": []
              },
              {
                "columnMetadata": {},
                "task": {
                  "annotations": {},
                  "kind": "task",
                  "type": "Comment",
                  "parameters": {
                    "comment": {
                      "kind": "constant",
                      "type": "String",
                      "value": "Add the initial date column"
                    }
                  },
                  "outputName": null
                },
                "tableData": null,
                "portId": null,
                "id": 9744770,
                "hash": "3b7635ffc7226f65e2ca4a9ff9e1604a529c904d",
                "pbemappingartifacts": [],
                "targetmappingartifacts": [],
                "dependencies": []
              },
              {
                "columnMetadata": {
                  "Initial date": {
                    "id": "-dve5tl4"
                  }
                },
                "task": {
                  "annotations": {},
                  "kind": "task",
                  "type": "Derive",
                  "parameters": {
                    "type": {
                      "kind": "bundle",
                      "type": "Bundle",
                      "value": "single"
                    },
                    "value": {
                      "annotations": {},
                      "kind": "func",
                      "type": "DateFormat",
                      "parameters": {
                        "format": {
                          "kind": "constant",
                          "type": "String",
                          "value": "dd-MM-yyyy HH:mm:ss"
                        },
                        "col": {
                          "annotations": {},
                          "kind": "func",
                          "type": "Date",
                          "parameters": {
                            "year": {
                              "kind": "variable",
                              "type": "Variable",
                              "value": "intial_year"
                            },
                            "month": {
                              "kind": "variable",
                              "type": "Variable",
                              "value": "initial_month"
                            },
                            "date": {
                              "kind": "variable",
                              "type": "Variable",
                              "value": "initial_day"
                            }
                          }
                        }
                      }
                    },
                    "as": {
                      "kind": "constant",
                      "type": "String",
                      "value": "Initial date"
                    }
                  },
                  "outputName": null
                },
                "tableData": null,
                "portId": null,
                "id": 9580133,
                "hash": "2b904fe1a2bbb70194d77cd860dfe96a8398135f",
                "pbemappingartifacts": [],
                "targetmappingartifacts": [],
                "dependencies": []
              },
              {
                "columnMetadata": {},
                "task": {
                  "annotations": {},
                  "kind": "task",
                  "type": "Comment",
                  "parameters": {
                    "comment": {
                      "kind": "constant",
                      "type": "String",
                      "value": "Generate calendar values based on initial date, increment and a time-unit"
                    }
                  },
                  "outputName": null
                },
                "tableData": null,
                "portId": null,
                "id": 9744785,
                "hash": "f6ee4e04a86885f9cf8af10ef26a95012a6e55a9",
                "pbemappingartifacts": [],
                "targetmappingartifacts": [],
                "dependencies": []
              },
              {
                "columnMetadata": {
                  "Days Calendar": {
                    "id": "hmxg9t"
                  }
                },
                "task": {
                  "annotations": {},
                  "kind": "task",
                  "type": "Derive",
                  "parameters": {
                    "type": {
                      "kind": "bundle",
                      "type": "Bundle",
                      "value": "single"
                    },
                    "value": {
                      "annotations": {},
                      "kind": "func",
                      "type": "DateAdd",
                      "parameters": {
                        "col": {
                          "kind": "column",
                          "type": "Column",
                          "value": "Initial date",
                          "relation": null
                        },
                        "delta": {
                          "kind": "column",
                          "type": "Column",
                          "value": "increments",
                          "relation": null
                        },
                        "measure": {
                          "kind": "enumerable",
                          "type": "Enumerable",
                          "value": "day"
                        }
                      }
                    },
                    "as": {
                      "kind": "constant",
                      "type": "String",
                      "value": "Days Calendar"
                    }
                  },
                  "outputName": null
                },
                "tableData": null,
                "portId": null,
                "id": 9580130,
                "hash": "144220a1decbc972cee37bd7b3464a53fa315e9d",
                "pbemappingartifacts": [],
                "targetmappingartifacts": [],
                "dependencies": []
              },
              {
                "columnMetadata": {
                  "Months Calendar": {
                    "id": "6jdfjsc"
                  }
                },
                "task": {
                  "annotations": {},
                  "kind": "task",
                  "type": "Derive",
                  "parameters": {
                    "type": {
                      "kind": "bundle",
                      "type": "Bundle",
                      "value": "single"
                    },
                    "value": {
                      "annotations": {},
                      "kind": "func",
                      "type": "DateAdd",
                      "parameters": {
                        "col": {
                          "kind": "column",
                          "type": "Column",
                          "value": "Initial date",
                          "relation": null
                        },
                        "delta": {
                          "kind": "column",
                          "type": "Column",
                          "value": "increments",
                          "relation": null
                        },
                        "measure": {
                          "kind": "enumerable",
                          "type": "Enumerable",
                          "value": "month"
                        }
                      }
                    },
                    "as": {
                      "kind": "constant",
                      "type": "String",
                      "value": "Months Calendar"
                    }
                  },
                  "outputName": null
                },
                "tableData": null,
                "portId": null,
                "id": 9580129,
                "hash": "f12c91507c8615103b380e74d06ca08e0a55860c",
                "pbemappingartifacts": [],
                "targetmappingartifacts": [],
                "dependencies": []
              },
              {
                "columnMetadata": {
                  "Hours Calendar": {
                    "id": "1lkggx7"
                  }
                },
                "task": {
                  "annotations": {},
                  "kind": "task",
                  "type": "Derive",
                  "parameters": {
                    "type": {
                      "kind": "bundle",
                      "type": "Bundle",
                      "value": "single"
                    },
                    "value": {
                      "annotations": {},
                      "kind": "func",
                      "type": "DateAdd",
                      "parameters": {
                        "col": {
                          "kind": "column",
                          "type": "Column",
                          "value": "Initial date",
                          "relation": null
                        },
                        "delta": {
                          "kind": "column",
                          "type": "Column",
                          "value": "increments",
                          "relation": null
                        },
                        "measure": {
                          "kind": "enumerable",
                          "type": "Enumerable",
                          "value": "hour"
                        }
                      }
                    },
                    "as": {
                      "kind": "constant",
                      "type": "String",
                      "value": "Hours Calendar"
                    }
                  },
                  "outputName": null
                },
                "tableData": null,
                "portId": null,
                "id": 9580134,
                "hash": "3d5ea0e94a28e99d48603a31ba371e62bfb88b3e",
                "pbemappingartifacts": [],
                "targetmappingartifacts": [],
                "dependencies": []
              },
              {
                "columnMetadata": {
                  "Minutes Calendar": {
                    "id": "27dr50o"
                  }
                },
                "task": {
                  "annotations": {},
                  "kind": "task",
                  "type": "Derive",
                  "parameters": {
                    "type": {
                      "kind": "bundle",
                      "type": "Bundle",
                      "value": "single"
                    },
                    "value": {
                      "annotations": {},
                      "kind": "func",
                      "type": "DateAdd",
                      "parameters": {
                        "col": {
                          "kind": "column",
                          "type": "Column",
                          "value": "Initial date",
                          "relation": null
                        },
                        "delta": {
                          "kind": "column",
                          "type": "Column",
                          "value": "increments",
                          "relation": null
                        },
                        "measure": {
                          "kind": "enumerable",
                          "type": "Enumerable",
                          "value": "minute"
                        }
                      }
                    },
                    "as": {
                      "kind": "constant",
                      "type": "String",
                      "value": "Minutes Calendar"
                    }
                  },
                  "outputName": null
                },
                "tableData": null,
                "portId": null,
                "id": 9580137,
                "hash": "4468b82cd70f69ab12ac3aea6ba6dcc9d3aff9af",
                "pbemappingartifacts": [],
                "targetmappingartifacts": [],
                "dependencies": []
              },
              {
                "columnMetadata": {
                  "Weeks Calendar": {
                    "id": "-8md3mgz"
                  }
                },
                "task": {
                  "annotations": {},
                  "kind": "task",
                  "type": "Derive",
                  "parameters": {
                    "type": {
                      "kind": "bundle",
                      "type": "Bundle",
                      "value": "single"
                    },
                    "value": {
                      "annotations": {},
                      "kind": "func",
                      "type": "DateAdd",
                      "parameters": {
                        "col": {
                          "kind": "column",
                          "type": "Column",
                          "value": "Initial date",
                          "relation": null
                        },
                        "delta": {
                          "kind": "column",
                          "type": "Column",
                          "value": "increments",
                          "relation": null
                        },
                        "measure": {
                          "kind": "enumerable",
                          "type": "Enumerable",
                          "value": "week"
                        }
                      }
                    },
                    "as": {
                      "kind": "constant",
                      "type": "String",
                      "value": "Weeks Calendar"
                    }
                  },
                  "outputName": null
                },
                "tableData": null,
                "portId": null,
                "id": 9580135,
                "hash": "09a1f770f5369fe87437e6512be2729253785820",
                "pbemappingartifacts": [],
                "targetmappingartifacts": [],
                "dependencies": []
              },
              {
                "columnMetadata": {
                  "Week Number": {
                    "id": "-ccxwh0"
                  }
                },
                "task": {
                  "annotations": {
                    "outputColumnAnnotations": {
                      "Week Number": {
                        "type": [
                          "Integer"
                        ],
                        "_likely_types": [
                          [
                            "Integer"
                          ],
                          [
                            "Float"
                          ],
                          [
                            "String"
                          ],
                          [
                            "Phone"
                          ],
                          [
                            "SSN"
                          ]
                        ]
                      }
                    }
                  },
                  "kind": "task",
                  "type": "Derive",
                  "parameters": {
                    "type": {
                      "kind": "bundle",
                      "type": "Bundle",
                      "value": "single"
                    },
                    "value": {
                      "annotations": {},
                      "kind": "func",
                      "type": "WeekNum",
                      "parameters": {
                        "col": {
                          "kind": "column",
                          "type": "Column",
                          "value": "Weeks Calendar",
                          "relation": null
                        }
                      }
                    },
                    "as": {
                      "kind": "constant",
                      "type": "String",
                      "value": "Week Number"
                    }
                  },
                  "outputName": null
                },
                "tableData": null,
                "portId": null,
                "id": 9580136,
                "hash": "e917010c5eb0a174149052c1c803fd3db17a9498",
                "pbemappingartifacts": [],
                "targetmappingartifacts": [],
                "dependencies": []
              },
              {
                "columnMetadata": {},
                "task": {
                  "annotations": {},
                  "kind": "task",
                  "type": "DateFormat",
                  "parameters": {
                    "col": {
                      "kind": "array",
                      "type": "Array",
                      "value": [
                        {
                          "kind": "column",
                          "type": "Column",
                          "value": "Days Calendar",
                          "relation": null
                        },
                        {
                          "kind": "column",
                          "type": "Column",
                          "value": "Months Calendar",
                          "relation": null
                        },
                        {
                          "kind": "column",
                          "type": "Column",
                          "value": "Weeks Calendar",
                          "relation": null
                        },
                        {
                          "kind": "column",
                          "type": "Column",
                          "value": "Initial date",
                          "relation": null
                        }
                      ]
                    },
                    "type": {
                      "kind": "bundle",
                      "type": "Bundle",
                      "value": "custom"
                    },
                    "format": {
                      "kind": "constant",
                      "type": "String",
                      "value": "dd-MM-yyyy"
                    }
                  },
                  "outputName": null
                },
                "tableData": null,
                "portId": null,
                "id": 9695622,
                "hash": "92421eb250a1281b572d23b82820f65282aef799",
                "pbemappingartifacts": [],
                "targetmappingartifacts": [],
                "dependencies": []
              },
              {
                "columnMetadata": {},
                "task": {
                  "annotations": {},
                  "kind": "task",
                  "type": "Drop",
                  "parameters": {
                    "action": {
                      "kind": "enumerable",
                      "type": "Enumerable",
                      "value": "Drop"
                    },
                    "col": {
                      "kind": "array",
                      "type": "Array",
                      "value": [
                        {
                          "kind": "column",
                          "type": "Column",
                          "value": "dummy",
                          "relation": null
                        }
                      ]
                    }
                  },
                  "outputName": null
                },
                "tableData": null,
                "portId": null,
                "id": 9744750,
                "hash": "27237b7bfba098d05b34afca1360647bfe65b98a",
                "pbemappingartifacts": [],
                "targetmappingartifacts": [],
                "dependencies": []
              }
            ],
            "dqScriptRules": []
          },
          {
            "id": 1657344,
            "name": "dummy",
            "description": null,
            "active": true,
            "nextPortId": 1,
            "steps": [
              {
                "columnMetadata": null,
                "task": {
                  "annotations": {
                    "outputColumnAnnotations": {
                      "dummy": {
                        "type": [
                          "Integer"
                        ]
                      }
                    },
                    "hidden": true
                  },
                  "kind": "task",
                  "type": "Load",
                  "parameters": {
                    "format": {
                      "annotations": {},
                      "kind": "func",
                      "type": "FormatBigQuery",
                      "parameters": {
                        "columnNames": {
                          "kind": "array",
                          "type": "Array",
                          "value": [
                            {
                              "kind": "constant",
                              "type": "String",
                              "value": "dummy"
                            }
                          ]
                        },
                        "columnTypes": {
                          "kind": "array",
                          "type": "Array",
                          "value": [
                            {
                              "kind": "array",
                              "type": "Array",
                              "value": [
                                {
                                  "kind": "constant",
                                  "type": "String",
                                  "value": "Integer"
                                }
                              ]
                            }
                          ]
                        },
                        "inputTypes": {
                          "kind": "array",
                          "type": "Array",
                          "value": [
                            {
                              "kind": "constant",
                              "type": "String",
                              "value": "INTEGER"
                            }
                          ]
                        },
                        "writeMode": {
                          "kind": "enumerable",
                          "type": "Enumerable",
                          "value": "none"
                        },
                        "columnSubTypes": {
                          "kind": "array",
                          "type": "Array",
                          "value": []
                        }
                      }
                    },
                    "location": {
                      "kind": "constant",
                      "type": "String",
                      "value": "id://810528"
                    },
                    "as": {
                      "kind": "array",
                      "type": "Array",
                      "value": [
                        {
                          "kind": "constant",
                          "type": "String",
                          "value": "dummy"
                        }
                      ]
                    }
                  },
                  "outputName": "original_datasource_810528"
                },
                "tableData": null,
                "portId": null,
                "id": 9578060,
                "hash": "1c11fba34ca1eef4830d369456670954963b71a7",
                "pbemappingartifacts": [],
                "targetmappingartifacts": [],
                "dependencies": []
              }
            ],
            "dqScriptRules": []
          }
        ],
        "outputobjects": [],
        "datasources": [
          {
            "path": "",
            "bucket": null,
            "userinfo": null,
            "type": "bigquery",
            "host": null,
            "isDynamicOrConverted": true,
            "id": 810528,
            "dynamicPath": null,
            "cpProject": "trifacta-content-repository",
            "connectionId": null,
            "isSchematized": true,
            "isDynamic": true,
            "isConverted": false,
            "disableTypeInference": false,
            "hasStructuring": false,
            "parsingScriptId": 1657344,
            "relationalsource": {
              "relationalPath": null,
              "columns": null,
              "filter": null,
              "raw": [
                "select 1 as dummy"
              ],
              "id": 149626,
              "tableName": null
            },
            "storageLocation": {
              "fullUri": "{\"protocol\":\"bigquery\"}",
              "id": 11200597,
              "path": "",
              "size": null,
              "type": "bigquery",
              "bucket": null,
              "blobHost": null,
              "container": null,
              "hash": "913189fe54b10b1d7c4ab66f4e2feb3ddb8b3ba7",
              "host": null,
              "userinfo": null
            },
            "runParameters": []
          }
        ],
        "webhookflowtasks": []
      }
    ]
  },
  "hash": "BX2jgyQ0fUyX8dE0Vs2HnuoIEmCJ/6dz"
}