{
  "type": "flow",
  "kind": "artifact",
  "metadata": {
    "trifactaVersion": "7.8.0+94.20201118131723.d38dcee",
    "exportedAt": "2020-12-11T15:05:50.999Z",
    "exportedBy": 397,
    "uuid": "5b83ca70-3bc2-11eb-b247-01a510e18ac2",
    "comment": "",
    "primaryFlowIds": [
      382996
    ],
    "edition": "Dataprep",
    "lastMigration": "20201009121100"
  },
  "data": {
    "artifacts": [],
    "connections": [],
    "flows": [
      {
        "settings": {
          "optimize": "default"
        },
        "id": 382996,
        "name": "Create new rows for missing days",
        "description": "",
        "defaultOutputDir": null,
        "fromExampleFlowHash": null,
        "fromExampleFlowName": null,
        "flownodes": [
          {
            "id": 1939798,
            "scriptId": 1788223,
            "flowNodeId": null,
            "wrangled": true,
            "referenceId": null
          },
          {
            "id": 1939827,
            "scriptId": 1788248,
            "flowNodeId": null,
            "wrangled": false,
            "referenceId": null
          }
        ],
        "notes": [
          {
            "id": 689,
            "content": "A%20recipe%20to%20create%20new%20rows%20from%20missing%20days%20from%20a%20date%20column.%3Cdiv%3EWith%20comparison%20between%20a%20row%20and%20the%20previous%20we%20can%20get%20the%20number%20of%20missing%20days.%3C%2Fdiv%3E%3Cdiv%3EAnd%20then%20via%20an%20array%20and%20a%20flatten%2C%20new%20rows%20from%20missing%20days%20can%20be%20created.%3C%2Fdiv%3E",
            "flowGraphVertexId": 519368
          }
        ],
        "flowgraphvertices": [
          {
            "id": 519367,
            "objectType": "flownode",
            "objectId": 1939798,
            "x": 280,
            "y": 170
          },
          {
            "id": 519405,
            "objectType": "flownode",
            "objectId": 1939827,
            "x": 12,
            "y": 169
          },
          {
            "id": 519368,
            "objectType": "note",
            "objectId": 689,
            "x": 53,
            "y": 72
          }
        ],
        "flowedges": [
          {
            "id": 1697720,
            "inFlowNodeId": 1939827,
            "inPortId": null,
            "outFlowNodeId": 1939798,
            "outPortId": null
          }
        ],
        "references": [],
        "flowrunparameteroverrides": [],
        "runparameters": [],
        "recipes": [
          {
            "id": 1788223,
            "name": "All days",
            "description": null,
            "active": true,
            "nextPortId": 1,
            "steps": [
              {
                "columnMetadata": {
                  "My Days": {
                    "id": "aneccg5"
                  },
                  "TRIFACTA__FILE_LINEAGE_INFO": {
                    "id": "axqhexl"
                  }
                },
                "task": {
                  "annotations": {
                    "hidden": true
                  },
                  "kind": "task",
                  "type": "Load",
                  "parameters": {
                    "format": {
                      "annotations": {},
                      "kind": "func",
                      "type": "FormatBlob",
                      "parameters": {}
                    },
                    "location": {
                      "kind": "constant",
                      "type": "String",
                      "value": "portId://null"
                    },
                    "enableLineage": {
                      "kind": "constant",
                      "type": "Bool",
                      "value": true
                    },
                    "as": {
                      "kind": "array",
                      "type": "Array",
                      "value": [
                        {
                          "kind": "constant",
                          "type": "String",
                          "value": "column1"
                        }
                      ]
                    }
                  },
                  "outputName": "original_datasource_866849"
                },
                "tableData": null,
                "portId": null,
                "id": 10397672,
                "hash": "573c7d80100ad276f4fa4500e14c1f55d454ea15",
                "pbemappingartifacts": [],
                "targetmappingartifacts": [],
                "dependencies": []
              },
              {
                "columnMetadata": {},
                "task": {
                  "annotations": {},
                  "kind": "task",
                  "type": "Comment",
                  "parameters": {
                    "comment": {
                      "kind": "constant",
                      "type": "String",
                      "value": "Get day of previous row"
                    }
                  },
                  "outputName": null
                },
                "tableData": null,
                "portId": null,
                "id": 10397673,
                "hash": "f9c640db2eed0cfca0e9db530bafc532f047d57c",
                "pbemappingartifacts": [],
                "targetmappingartifacts": [],
                "dependencies": []
              },
              {
                "columnMetadata": {
                  "Day of previous row": {
                    "id": "-77ph0km"
                  }
                },
                "task": {
                  "annotations": {
                    "outputColumnAnnotations": {
                      "Day of previous row": {
                        "type": [
                          "Datetime",
                          "dd-mm-yy",
                          "dd*mm*yyyy"
                        ],
                        "_likely_types": [
                          [
                            "Datetime",
                            "dd-mm-yy",
                            "dd*mm*yyyy"
                          ],
                          [
                            "String"
                          ],
                          [
                            "Datetime",
                            "mm-dd-yy",
                            "mm*dd*yyyy"
                          ],
                          [
                            "Integer"
                          ],
                          [
                            "Phone"
                          ]
                        ]
                      }
                    }
                  },
                  "kind": "task",
                  "type": "Derive",
                  "parameters": {
                    "type": {
                      "kind": "bundle",
                      "type": "Bundle",
                      "value": "multiple"
                    },
                    "value": {
                      "annotations": {},
                      "kind": "func",
                      "type": "Prev",
                      "parameters": {
                        "intParam": {
                          "kind": "constant",
                          "type": "Integer",
                          "value": 1
                        },
                        "col": {
                          "kind": "column",
                          "type": "Column",
                          "value": "My Days",
                          "relation": null
                        }
                      }
                    },
                    "order": {
                      "kind": "array",
                      "type": "Array",
                      "value": [
                        {
                          "annotations": {},
                          "kind": "func",
                          "type": "SourceRowNumber",
                          "parameters": {}
                        }
                      ]
                    },
                    "as": {
                      "kind": "constant",
                      "type": "String",
                      "value": "Day of previous row"
                    }
                  },
                  "outputName": null
                },
                "tableData": null,
                "portId": null,
                "id": 10397674,
                "hash": "75fbfec7ca0189a299f93884491d17b159abcf76",
                "pbemappingartifacts": [],
                "targetmappingartifacts": [],
                "dependencies": []
              },
              {
                "columnMetadata": {},
                "task": {
                  "annotations": {},
                  "kind": "task",
                  "type": "Comment",
                  "parameters": {
                    "comment": {
                      "kind": "constant",
                      "type": "String",
                      "value": "Calculate nb missing days from previous row"
                    }
                  },
                  "outputName": null
                },
                "tableData": null,
                "portId": null,
                "id": 10397675,
                "hash": "5a09789d836d62c28b3e0dcb5fbc65f19cfa1aa7",
                "pbemappingartifacts": [],
                "targetmappingartifacts": [],
                "dependencies": []
              },
              {
                "columnMetadata": {
                  "Nb missing days from prev row": {
                    "id": "17fx8rn"
                  }
                },
                "task": {
                  "annotations": {
                    "outputColumnAnnotations": {
                      "Nb missing days from prev row": {
                        "type": [
                          "Integer"
                        ],
                        "_likely_types": [
                          [
                            "Integer"
                          ],
                          [
                            "Float"
                          ],
                          [
                            "String"
                          ],
                          [
                            "Phone"
                          ],
                          [
                            "SSN"
                          ]
                        ]
                      }
                    }
                  },
                  "kind": "task",
                  "type": "Derive",
                  "parameters": {
                    "type": {
                      "kind": "bundle",
                      "type": "Bundle",
                      "value": "single"
                    },
                    "value": {
                      "annotations": {
                        "infix": true,
                        "parenthetical": false
                      },
                      "kind": "func",
                      "type": "Subtract",
                      "parameters": {
                        "lhs": {
                          "annotations": {},
                          "kind": "func",
                          "type": "DateDif",
                          "parameters": {
                            "lhs": {
                              "kind": "column",
                              "type": "Column",
                              "value": "Day of previous row",
                              "relation": null
                            },
                            "rhs": {
                              "kind": "column",
                              "type": "Column",
                              "value": "My Days",
                              "relation": null
                            },
                            "measure": {
                              "kind": "enumerable",
                              "type": "Enumerable",
                              "value": "day"
                            }
                          }
                        },
                        "rhs": {
                          "kind": "constant",
                          "type": "Integer",
                          "value": 1
                        }
                      }
                    },
                    "as": {
                      "kind": "constant",
                      "type": "String",
                      "value": "Nb missing days from prev row"
                    }
                  },
                  "outputName": null
                },
                "tableData": null,
                "portId": null,
                "id": 10397676,
                "hash": "1bff333d5e43d94bb1bdf87790c6c22e318fe0d8",
                "pbemappingartifacts": [],
                "targetmappingartifacts": [],
                "dependencies": []
              },
              {
                "columnMetadata": {},
                "task": {
                  "annotations": {},
                  "kind": "task",
                  "type": "Comment",
                  "parameters": {
                    "comment": {
                      "kind": "constant",
                      "type": "String",
                      "value": "Create Array with days index to be created"
                    }
                  },
                  "outputName": null
                },
                "tableData": null,
                "portId": null,
                "id": 10397677,
                "hash": "dbdd735760888fc8eb4bfbcd82ef967aa661c765",
                "pbemappingartifacts": [],
                "targetmappingartifacts": [],
                "dependencies": []
              },
              {
                "columnMetadata": {
                  "Days to be created": {
                    "id": "-epiwy0p"
                  }
                },
                "task": {
                  "annotations": {
                    "outputColumnAnnotations": {
                      "Days to be created": {
                        "type": [
                          "Array"
                        ],
                        "_likely_types": [
                          [
                            "Array"
                          ],
                          [
                            "String"
                          ],
                          [
                            "Integer"
                          ],
                          [
                            "Phone"
                          ],
                          [
                            "SSN"
                          ]
                        ]
                      }
                    }
                  },
                  "kind": "task",
                  "type": "Derive",
                  "parameters": {
                    "type": {
                      "kind": "bundle",
                      "type": "Bundle",
                      "value": "single"
                    },
                    "value": {
                      "annotations": {},
                      "kind": "func",
                      "type": "Range",
                      "parameters": {
                        "start": {
                          "kind": "constant",
                          "type": "Integer",
                          "value": 0
                        },
                        "step": {
                          "kind": "constant",
                          "type": "Integer",
                          "value": 1
                        },
                        "stop": {
                          "annotations": {
                            "infix": true,
                            "parenthetical": false
                          },
                          "kind": "func",
                          "type": "Add",
                          "parameters": {
                            "lhs": {
                              "kind": "column",
                              "type": "Column",
                              "value": "Nb missing days from prev row",
                              "relation": null
                            },
                            "rhs": {
                              "kind": "constant",
                              "type": "Integer",
                              "value": 1
                            }
                          }
                        }
                      }
                    },
                    "as": {
                      "kind": "constant",
                      "type": "String",
                      "value": "Days to be created"
                    }
                  },
                  "outputName": null
                },
                "tableData": null,
                "portId": null,
                "id": 10397678,
                "hash": "ca0f94adc21a2865f94f99c4bff6ed7c92cc46f8",
                "pbemappingartifacts": [],
                "targetmappingartifacts": [],
                "dependencies": []
              },
              {
                "columnMetadata": {},
                "task": {
                  "annotations": {},
                  "kind": "task",
                  "type": "Comment",
                  "parameters": {
                    "comment": {
                      "kind": "constant",
                      "type": "String",
                      "value": "With a Flatten on the previous Array, create missing rows with days index to be created"
                    }
                  },
                  "outputName": null
                },
                "tableData": null,
                "portId": null,
                "id": 10397679,
                "hash": "b94f4ed9e6a240de5e3c539881902ebc4b4c5613",
                "pbemappingartifacts": [],
                "targetmappingartifacts": [],
                "dependencies": []
              },
              {
                "columnMetadata": {},
                "task": {
                  "annotations": {
                    "outputColumnAnnotations": {
                      "Days to be created": {
                        "type": [
                          "Integer"
                        ],
                        "_likely_types": [
                          [
                            "Integer"
                          ],
                          [
                            "Float"
                          ],
                          [
                            "String"
                          ],
                          [
                            "Phone"
                          ],
                          [
                            "SSN"
                          ]
                        ]
                      }
                    }
                  },
                  "kind": "task",
                  "type": "Flatten",
                  "parameters": {
                    "col": {
                      "kind": "column",
                      "type": "Column",
                      "value": "Days to be created",
                      "relation": null
                    }
                  },
                  "outputName": null
                },
                "tableData": null,
                "portId": null,
                "id": 10397680,
                "hash": "1f69ad7173d31c1826634246e56bbf16267552e4",
                "pbemappingartifacts": [],
                "targetmappingartifacts": [],
                "dependencies": []
              },
              {
                "columnMetadata": {},
                "task": {
                  "annotations": {},
                  "kind": "task",
                  "type": "Comment",
                  "parameters": {
                    "comment": {
                      "kind": "constant",
                      "type": "String",
                      "value": "Create missing days by adding index nb days to last valid day"
                    }
                  },
                  "outputName": null
                },
                "tableData": null,
                "portId": null,
                "id": 10397681,
                "hash": "cca1f0472f33aef8961cd102318147bce034e45a",
                "pbemappingartifacts": [],
                "targetmappingartifacts": [],
                "dependencies": []
              },
              {
                "columnMetadata": {
                  "All days": {
                    "id": "-ckz3irz"
                  }
                },
                "task": {
                  "annotations": {
                    "outputColumnAnnotations": {
                      "All days": {
                        "type": [
                          "Datetime",
                          "dd-mm-yy",
                          "dd*mm*yyyy"
                        ]
                      }
                    }
                  },
                  "kind": "task",
                  "type": "Derive",
                  "parameters": {
                    "type": {
                      "kind": "bundle",
                      "type": "Bundle",
                      "value": "single"
                    },
                    "value": {
                      "annotations": {},
                      "kind": "func",
                      "type": "DateAdd",
                      "parameters": {
                        "col": {
                          "kind": "column",
                          "type": "Column",
                          "value": "Day of previous row",
                          "relation": null
                        },
                        "delta": {
                          "kind": "column",
                          "type": "Column",
                          "value": "Days to be created",
                          "relation": null
                        },
                        "measure": {
                          "kind": "enumerable",
                          "type": "Enumerable",
                          "value": "day"
                        }
                      }
                    },
                    "as": {
                      "kind": "constant",
                      "type": "String",
                      "value": "All days"
                    }
                  },
                  "outputName": null
                },
                "tableData": null,
                "portId": null,
                "id": 10397682,
                "hash": "d44476dd54af7fcc9a834fcd0b6684cd4995b0bc",
                "pbemappingartifacts": [],
                "targetmappingartifacts": [],
                "dependencies": []
              },
              {
                "columnMetadata": {},
                "task": {
                  "annotations": {},
                  "kind": "task",
                  "type": "Drop",
                  "parameters": {
                    "col": {
                      "kind": "array",
                      "type": "Array",
                      "value": [
                        {
                          "kind": "column",
                          "type": "Column",
                          "value": "Days to be created",
                          "relation": null
                        },
                        {
                          "kind": "column",
                          "type": "Column",
                          "value": "Nb missing days from prev row",
                          "relation": null
                        },
                        {
                          "kind": "column",
                          "type": "Column",
                          "value": "Day of previous row",
                          "relation": null
                        },
                        {
                          "kind": "column",
                          "type": "Column",
                          "value": "My Days",
                          "relation": null
                        }
                      ]
                    },
                    "action": {
                      "kind": "enumerable",
                      "type": "Enumerable",
                      "value": "Drop"
                    }
                  },
                  "outputName": null
                },
                "tableData": null,
                "portId": null,
                "id": 10397683,
                "hash": "809bb56d7f73ee530ca5e6f806a7c4f8c9b4d984",
                "pbemappingartifacts": [],
                "targetmappingartifacts": [],
                "dependencies": []
              }
            ],
            "dqScriptRules": []
          },
          {
            "id": 1788248,
            "name": "Missing_days.csv",
            "description": null,
            "active": true,
            "nextPortId": 1,
            "steps": [
              {
                "columnMetadata": null,
                "task": {
                  "annotations": {
                    "hidden": true
                  },
                  "kind": "task",
                  "type": "Load",
                  "parameters": {
                    "format": {
                      "annotations": {},
                      "kind": "func",
                      "type": "FormatBlob",
                      "parameters": {}
                    },
                    "location": {
                      "kind": "constant",
                      "type": "String",
                      "value": "id://867753"
                    },
                    "enableLineage": {
                      "kind": "constant",
                      "type": "Bool",
                      "value": true
                    },
                    "as": {
                      "kind": "array",
                      "type": "Array",
                      "value": [
                        {
                          "kind": "constant",
                          "type": "String",
                          "value": "column1"
                        }
                      ]
                    }
                  },
                  "outputName": "original_datasource_867753"
                },
                "tableData": null,
                "portId": null,
                "id": 10397818,
                "hash": "22ad033659b00c5eeb63c980138ce1cff7c4c33d",
                "pbemappingartifacts": [],
                "targetmappingartifacts": [],
                "dependencies": []
              },
              {
                "columnMetadata": null,
                "task": {
                  "annotations": {
                    "outputColumnAnnotations": {
                      "column1": {
                        "type": [
                          "Datetime",
                          "dd-mm-yy",
                          "dd*mm*yyyy"
                        ],
                        "_likely_types": [
                          [
                            "Datetime",
                            "dd-mm-yy",
                            "dd*mm*yyyy"
                          ],
                          [
                            "String"
                          ],
                          [
                            "Datetime",
                            "mm-dd-yy",
                            "mm*dd*yyyy"
                          ],
                          [
                            "Integer"
                          ],
                          [
                            "Phone"
                          ]
                        ]
                      }
                    }
                  },
                  "kind": "task",
                  "type": "SplitRows",
                  "parameters": {
                    "on": {
                      "kind": "constant",
                      "type": "String",
                      "value": "\n"
                    },
                    "col": {
                      "kind": "column",
                      "type": "Column",
                      "value": "column1",
                      "relation": null
                    }
                  },
                  "outputName": null
                },
                "tableData": null,
                "portId": null,
                "id": 10397817,
                "hash": "c8159916b29898ffc90337be4589f38607ca70ec",
                "pbemappingartifacts": [],
                "targetmappingartifacts": [],
                "dependencies": []
              },
              {
                "columnMetadata": null,
                "task": {
                  "annotations": {
                    "outputColumnAnnotations": {
                      "My Days": {
                        "type": [
                          "Datetime",
                          "dd-mm-yy",
                          "dd*mm*yyyy"
                        ],
                        "_likely_types": [
                          [
                            "Datetime",
                            "dd-mm-yy",
                            "dd*mm*yyyy"
                          ],
                          [
                            "String"
                          ],
                          [
                            "Datetime",
                            "mm-dd-yy",
                            "mm*dd*yyyy"
                          ],
                          [
                            "Integer"
                          ],
                          [
                            "Phone"
                          ]
                        ]
                      }
                    }
                  },
                  "kind": "task",
                  "type": "Header",
                  "parameters": {
                    "sanitize": {
                      "kind": "constant",
                      "type": "Bool",
                      "value": false
                    },
                    "as": {
                      "kind": "array",
                      "type": "Array",
                      "value": [
                        {
                          "kind": "constant",
                          "type": "String",
                          "value": "My Days"
                        }
                      ]
                    }
                  },
                  "outputName": null
                },
                "tableData": {
                  "column1": "My Days"
                },
                "portId": null,
                "id": 10397819,
                "hash": "81f5aa7d6a606a048290a3f8c86428b81487d916",
                "pbemappingartifacts": [],
                "targetmappingartifacts": [],
                "dependencies": []
              }
            ],
            "dqScriptRules": []
          }
        ],
        "outputobjects": [],
        "datasources": [
          {
            "path": "/vcoustenoble@trifacta.com/upload/63712230-4c55-465b-9c8c-9bf8f7711470/Missing_Days.csv",
            "bucket": "dataprep-staging-0b9ad034-9473-4777-98f1-0f3e643d0dce",
            "userinfo": null,
            "type": "gs",
            "host": null,
            "isDynamicOrConverted": false,
            "id": 867753,
            "dynamicPath": null,
            "cpProject": "dataprep-premium-demo",
            "connectionId": null,
            "isSchematized": true,
            "isDynamic": false,
            "isConverted": false,
            "disableTypeInference": false,
            "hasStructuring": true,
            "parsingScriptId": 1788248,
            "storageLocation": {
              "fullUri": "gs://dataprep-staging-0b9ad034-9473-4777-98f1-0f3e643d0dce/vcoustenoble@trifacta.com/upload/63712230-4c55-465b-9c8c-9bf8f7711470/Missing_Days.csv",
              "id": 11837747,
              "path": "/vcoustenoble@trifacta.com/upload/63712230-4c55-465b-9c8c-9bf8f7711470/Missing_Days.csv",
              "size": 304,
              "type": "gs",
              "bucket": "dataprep-staging-0b9ad034-9473-4777-98f1-0f3e643d0dce",
              "blobHost": null,
              "container": null,
              "hash": "603fcfbf3acc1681bc90fe4b0c7fa8b4520165e4",
              "host": null,
              "userinfo": null
            },
            "runParameters": []
          }
        ],
        "webhookflowtasks": []
      }
    ]
  },
  "hash": "fAnYplEW67Z2aOeypB6EN6V6EPzeY1Mw"
}