{
  "type": "flow",
  "kind": "artifact",
  "metadata": {
    "trifactaVersion": "7.8.0+94.20201118131723.d38dcee",
    "exportedAt": "2020-11-25T15:12:04.116Z",
    "exportedBy": 120883,
    "uuid": "934d1450-2f30-11eb-98c2-a37d2a219ebd",
    "comment": "",
    "primaryFlowIds": [
      345343
    ],
    "edition": "Dataprep",
    "lastMigration": "20201009121100"
  },
  "data": {
    "artifacts": [],
    "connections": [],
    "flows": [
      {
        "settings": {
          "optimize": "default"
        },
        "id": 345343,
        "name": "Condition field based on values found in a list",
        "description": "",
        "defaultOutputDir": null,
        "fromExampleFlowHash": null,
        "fromExampleFlowName": null,
        "flownodes": [
          {
            "id": 1792846,
            "scriptId": 1651918,
            "flowNodeId": null,
            "wrangled": true,
            "referenceId": null
          },
          {
            "id": 1792847,
            "scriptId": 1651919,
            "flowNodeId": null,
            "wrangled": true,
            "referenceId": null
          },
          {
            "id": 1792848,
            "scriptId": 1651920,
            "flowNodeId": null,
            "wrangled": false,
            "referenceId": null
          },
          {
            "id": 1792854,
            "scriptId": 1651931,
            "flowNodeId": null,
            "wrangled": false,
            "referenceId": null
          }
        ],
        "notes": [
          {
            "id": 567,
            "content": "The%20use%20case%20of%20this%20flow%20is%20to%20filter%20rows%20based%20on%20a%20list%20of%20dynamic%20words%20found%20in%202%20string%20columns.%3Cdiv%3EIf%20one%20of%20the%20word%20is%20found%20in%20one%20of%20the%202%20columns%20and%20if%20another%20condition%20is%20met%20then%20we%20keep%20the%20row.%3Cbr%3E%3Cdiv%3E%3Cbr%3E%3C%2Fdiv%3E%3Cdiv%3EThe%20dynamic%20list%20of%20words%20to%20look%20for%20can%20be%20found%20in%20the%20dataset%20%3Cb%3Ecategories.txt%3C%2Fb%3E%3C%2Fdiv%3E%3Cdiv%3EAnd%20the%20list%20of%20words%20to%20look%20into%20will%20be%20extracted%20from%202%20columns%2C%20name%20and%20site%2C%20from%20the%20%3Cb%3ESites_Names.xlsx%3C%2Fb%3E%20dataset%3C%2Fdiv%3E%3C%2Fdiv%3E%3Cdiv%3E%3Cbr%3E%3C%2Fdiv%3E%3Cdiv%3EThe%20%22%3Cb%3ECategories%20list%3C%2Fb%3E%22%20recipe%20will%20create%20the%20list%20of%20words%20to%20look%20for.%3C%2Fdiv%3E%3Cdiv%3EThe%20%22%3Cb%3EFind%20values%20and%20created%20field%3C%2Fb%3E%22%20recipe%20will%20extract%20words%2C%20compare%20with%20the%20categories%20list%20and%20do%20the%20filter.%3C%2Fdiv%3E",
            "flowGraphVertexId": 368391
          }
        ],
        "flowgraphvertices": [
          {
            "id": 324310,
            "objectType": "flownode",
            "objectId": 1792846,
            "x": 110,
            "y": 258
          },
          {
            "id": 324311,
            "objectType": "flownode",
            "objectId": 1792847,
            "x": 289,
            "y": 120
          },
          {
            "id": 324315,
            "objectType": "flownode",
            "objectId": 1792848,
            "x": -37,
            "y": 122
          },
          {
            "id": 324323,
            "objectType": "flownode",
            "objectId": 1792854,
            "x": -40,
            "y": 259
          },
          {
            "id": 368391,
            "objectType": "note",
            "objectId": 567,
            "x": -31,
            "y": -80
          }
        ],
        "flowedges": [
          {
            "id": 1587767,
            "inFlowNodeId": 1792846,
            "inPortId": null,
            "outFlowNodeId": 1792847,
            "outPortId": 2
          },
          {
            "id": 1587768,
            "inFlowNodeId": 1792848,
            "inPortId": null,
            "outFlowNodeId": 1792847,
            "outPortId": null
          },
          {
            "id": 1587771,
            "inFlowNodeId": 1792854,
            "inPortId": null,
            "outFlowNodeId": 1792846,
            "outPortId": null
          }
        ],
        "references": [],
        "flowrunparameteroverrides": [],
        "runparameters": [],
        "recipes": [
          {
            "id": 1651918,
            "name": "categories list",
            "description": null,
            "active": true,
            "nextPortId": 1,
            "steps": [
              {
                "columnMetadata": {
                  "column1": {
                    "id": "dosihh5"
                  },
                  "TRIFACTA__FILE_LINEAGE_INFO": {
                    "id": "hdj5glh"
                  }
                },
                "task": {
                  "annotations": {
                    "hidden": true
                  },
                  "kind": "task",
                  "type": "Load",
                  "parameters": {
                    "format": {
                      "annotations": {},
                      "kind": "func",
                      "type": "FormatBlob",
                      "parameters": {}
                    },
                    "location": {
                      "kind": "constant",
                      "type": "String",
                      "value": "portId://null"
                    },
                    "enableLineage": {
                      "kind": "constant",
                      "type": "Bool",
                      "value": true
                    },
                    "as": {
                      "kind": "array",
                      "type": "Array",
                      "value": [
                        {
                          "kind": "constant",
                          "type": "String",
                          "value": "column1"
                        }
                      ]
                    }
                  },
                  "outputName": "original_datasource_3783"
                },
                "tableData": null,
                "portId": null,
                "id": 9534302,
                "hash": "1801ad6cb40e1df3a15036012974435fdc687f3a",
                "pbemappingartifacts": [],
                "targetmappingartifacts": [],
                "dependencies": []
              },
              {
                "columnMetadata": {
                  "TRIFACTA__LINEAGE_INFO": {
                    "id": "-5r9oxrt"
                  }
                },
                "task": {
                  "annotations": {
                    "outputColumnAnnotations": {
                      "brands": {
                        "type": [
                          "String"
                        ]
                      }
                    }
                  },
                  "kind": "task",
                  "type": "Header",
                  "parameters": {
                    "as": {
                      "kind": "array",
                      "type": "Array",
                      "value": [
                        {
                          "kind": "constant",
                          "type": "String",
                          "value": "brands"
                        }
                      ]
                    }
                  },
                  "outputName": null
                },
                "tableData": {
                  "column1": "brands"
                },
                "portId": null,
                "id": 9534303,
                "hash": "61e231643c8d8886b243773b07ed67357d20dda9",
                "pbemappingartifacts": [],
                "targetmappingartifacts": [],
                "dependencies": []
              },
              {
                "columnMetadata": {},
                "task": {
                  "annotations": {
                    "outputColumnAnnotations": {
                      "brands": {
                        "type": [
                          "String"
                        ],
                        "_likely_types": [
                          [
                            "String"
                          ],
                          [
                            "Integer"
                          ],
                          [
                            "Phone"
                          ],
                          [
                            "SSN"
                          ],
                          [
                            "Ipaddress"
                          ]
                        ]
                      }
                    }
                  },
                  "kind": "task",
                  "type": "TextFormat",
                  "parameters": {
                    "col": {
                      "kind": "array",
                      "type": "Array",
                      "value": [
                        {
                          "kind": "column",
                          "type": "Column",
                          "value": "brands",
                          "relation": null
                        }
                      ]
                    },
                    "type": {
                      "kind": "bundle",
                      "type": "Bundle",
                      "value": "uppercase"
                    }
                  },
                  "outputName": null
                },
                "tableData": null,
                "portId": null,
                "id": 9534304,
                "hash": "ea46208fa4606770e14c6eac74271c4b8d9a2bed",
                "pbemappingartifacts": [],
                "targetmappingartifacts": [],
                "dependencies": []
              },
              {
                "columnMetadata": {},
                "task": {
                  "annotations": {},
                  "kind": "task",
                  "type": "Comment",
                  "parameters": {
                    "comment": {
                      "kind": "constant",
                      "type": "String",
                      "value": "Group by to create a list of brands"
                    }
                  },
                  "outputName": null
                },
                "tableData": null,
                "portId": null,
                "id": 9749510,
                "hash": "ce785f9e956eced9d4af8379f19f98cbde0e2552",
                "pbemappingartifacts": [],
                "targetmappingartifacts": [],
                "dependencies": []
              },
              {
                "columnMetadata": {
                  "list_brands": {
                    "id": "-3ahavlo"
                  }
                },
                "task": {
                  "annotations": {
                    "outputColumnAnnotations": {
                      "list_brands": {
                        "type": [
                          "Array"
                        ]
                      }
                    }
                  },
                  "kind": "task",
                  "type": "GroupBy",
                  "parameters": {
                    "type": {
                      "kind": "enumerable",
                      "type": "Enumerable",
                      "value": "agg"
                    },
                    "value": {
                      "kind": "array",
                      "type": "Array",
                      "value": [
                        {
                          "annotations": {},
                          "kind": "func",
                          "type": "List",
                          "parameters": {
                            "limit": {
                              "kind": "constant",
                              "type": "Integer",
                              "value": 100
                            },
                            "col": {
                              "kind": "column",
                              "type": "Column",
                              "value": "brands",
                              "relation": null
                            }
                          },
                          "as": [
                            "list_brands"
                          ]
                        }
                      ]
                    },
                    "as": {
                      "kind": "array",
                      "type": "Array",
                      "value": [
                        {
                          "kind": "constant",
                          "type": "String",
                          "value": "list_brands"
                        }
                      ]
                    }
                  },
                  "outputName": null
                },
                "tableData": null,
                "portId": null,
                "id": 9534305,
                "hash": "2604c5d73eb991d06669af33c79b588877128ab6",
                "pbemappingartifacts": [],
                "targetmappingartifacts": [],
                "dependencies": []
              }
            ],
            "dqScriptRules": []
          },
          {
            "id": 1651919,
            "name": "Find values and create field",
            "description": null,
            "active": true,
            "nextPortId": 3,
            "steps": [
              {
                "columnMetadata": {
                  "name": {
                    "id": "-5il05ye"
                  },
                  "site": {
                    "id": "-5ikw4eq"
                  },
                  "type": {
                    "id": "-5ikuzc5"
                  },
                  "TRIFACTA__FILE_LINEAGE_INFO": {
                    "id": "-ap0t118"
                  }
                },
                "task": {
                  "annotations": {
                    "hidden": true
                  },
                  "kind": "task",
                  "type": "Load",
                  "parameters": {
                    "format": {
                      "annotations": {},
                      "kind": "func",
                      "type": "FormatBlob",
                      "parameters": {}
                    },
                    "location": {
                      "kind": "constant",
                      "type": "String",
                      "value": "portId://null"
                    },
                    "enableLineage": {
                      "kind": "constant",
                      "type": "Bool",
                      "value": true
                    },
                    "as": {
                      "kind": "array",
                      "type": "Array",
                      "value": [
                        {
                          "kind": "constant",
                          "type": "String",
                          "value": "column1"
                        }
                      ]
                    }
                  },
                  "outputName": "original_datasource_3782"
                },
                "tableData": null,
                "portId": null,
                "id": 9534306,
                "hash": "1da26f2e7b65f8866a45e1f537e7f500b3e009d4",
                "pbemappingartifacts": [],
                "targetmappingartifacts": [],
                "dependencies": []
              },
              {
                "columnMetadata": {},
                "task": {
                  "annotations": {
                    "outputColumnAnnotations": {
                      "name": {
                        "type": [
                          "String"
                        ],
                        "_likely_types": [
                          [
                            "String"
                          ],
                          [
                            "Integer"
                          ],
                          [
                            "Phone"
                          ],
                          [
                            "SSN"
                          ],
                          [
                            "Map"
                          ]
                        ]
                      },
                      "site": {
                        "type": [
                          "Url"
                        ],
                        "_likely_types": [
                          [
                            "Url"
                          ],
                          [
                            "String"
                          ],
                          [
                            "Integer"
                          ],
                          [
                            "Phone"
                          ],
                          [
                            "SSN"
                          ]
                        ]
                      }
                    }
                  },
                  "kind": "task",
                  "type": "TextFormat",
                  "parameters": {
                    "col": {
                      "kind": "array",
                      "type": "Array",
                      "value": [
                        {
                          "kind": "column",
                          "type": "Column",
                          "value": "name",
                          "relation": null
                        },
                        {
                          "kind": "column",
                          "type": "Column",
                          "value": "site",
                          "relation": null
                        }
                      ]
                    },
                    "type": {
                      "kind": "bundle",
                      "type": "Bundle",
                      "value": "uppercase"
                    }
                  },
                  "outputName": null
                },
                "tableData": null,
                "portId": null,
                "id": 9534307,
                "hash": "f4bd43d18deb6b5c505f5e5a420920efa49073ea",
                "pbemappingartifacts": [],
                "targetmappingartifacts": [],
                "dependencies": []
              },
              {
                "columnMetadata": {},
                "task": {
                  "annotations": {},
                  "kind": "task",
                  "type": "Comment",
                  "parameters": {
                    "comment": {
                      "kind": "constant",
                      "type": "String",
                      "value": "Extract list of words from name and site columns"
                    }
                  },
                  "outputName": null
                },
                "tableData": null,
                "portId": null,
                "id": 9749518,
                "hash": "49f7e5e32f4e62890f0330cd0bf83b9254a5b26d",
                "pbemappingartifacts": [],
                "targetmappingartifacts": [],
                "dependencies": []
              },
              {
                "columnMetadata": {
                  "extractlist_name": {
                    "id": "1odlcd9"
                  }
                },
                "task": {
                  "annotations": {
                    "outputColumnAnnotations": {
                      "extractlist_name": {
                        "type": [
                          "Array"
                        ]
                      }
                    }
                  },
                  "kind": "task",
                  "type": "ExtractList",
                  "parameters": {
                    "col": {
                      "kind": "column",
                      "type": "Column",
                      "value": "name",
                      "relation": null
                    },
                    "on": {
                      "kind": "constant",
                      "type": "Pattern",
                      "value": "{alpha}+"
                    },
                    "as": {
                      "kind": "constant",
                      "type": "String",
                      "value": "extractlist_name"
                    }
                  },
                  "outputName": null
                },
                "tableData": null,
                "portId": null,
                "id": 9534308,
                "hash": "2567d134b2b584c7d3b35de3db67be5555e03642",
                "pbemappingartifacts": [],
                "targetmappingartifacts": [],
                "dependencies": []
              },
              {
                "columnMetadata": {
                  "extractlist_site": {
                    "id": "-24d45rr"
                  }
                },
                "task": {
                  "annotations": {
                    "outputColumnAnnotations": {
                      "extractlist_site": {
                        "type": [
                          "Array"
                        ]
                      }
                    }
                  },
                  "kind": "task",
                  "type": "ExtractList",
                  "parameters": {
                    "col": {
                      "kind": "column",
                      "type": "Column",
                      "value": "site",
                      "relation": null
                    },
                    "on": {
                      "kind": "constant",
                      "type": "Pattern",
                      "value": "{alpha}+"
                    },
                    "as": {
                      "kind": "constant",
                      "type": "String",
                      "value": "extractlist_site"
                    }
                  },
                  "outputName": null
                },
                "tableData": null,
                "portId": null,
                "id": 9534309,
                "hash": "7b301356f1525b0fcdd7d6b686b472c7a693c37a",
                "pbemappingartifacts": [],
                "targetmappingartifacts": [],
                "dependencies": []
              },
              {
                "columnMetadata": {},
                "task": {
                  "annotations": {},
                  "kind": "task",
                  "type": "Comment",
                  "parameters": {
                    "comment": {
                      "kind": "constant",
                      "type": "String",
                      "value": "WIth a cross-join, add a new column with list of words to look for"
                    }
                  },
                  "outputName": null
                },
                "tableData": null,
                "portId": null,
                "id": 9749524,
                "hash": "2294730fd38e24eef2dd1044af359067d3455949",
                "pbemappingartifacts": [],
                "targetmappingartifacts": [],
                "dependencies": []
              },
              {
                "columnMetadata": {
                  "list_brands": {
                    "id": "-72eyn8c"
                  }
                },
                "task": {
                  "annotations": {
                    "hidden": true
                  },
                  "kind": "task",
                  "type": "Load",
                  "parameters": {
                    "location": {
                      "kind": "constant",
                      "type": "String",
                      "value": "portId://2"
                    },
                    "format": {
                      "annotations": {},
                      "kind": "func",
                      "type": "FormatBlob",
                      "parameters": {}
                    }
                  },
                  "outputName": "table_7f107d4d548055a7bc961a877e47e4525509b701"
                },
                "tableData": null,
                "portId": 2,
                "id": 9534310,
                "hash": "2b287b72d95badbcab86ee0e6ed3089e538ff5da",
                "pbemappingartifacts": [],
                "targetmappingartifacts": [],
                "dependencies": []
              },
              {
                "columnMetadata": {},
                "task": {
                  "annotations": {
                    "outputColumnAnnotations": {
                      "name": {
                        "type": [
                          "String"
                        ]
                      },
                      "extractlist_name": {
                        "type": [
                          "Array"
                        ]
                      },
                      "site": {
                        "type": [
                          "Url"
                        ]
                      },
                      "extractlist_site": {
                        "type": [
                          "Array"
                        ]
                      },
                      "type": {
                        "type": [
                          "String"
                        ]
                      },
                      "list_brands": {
                        "type": [
                          "Array"
                        ]
                      }
                    }
                  },
                  "kind": "task",
                  "type": "Join",
                  "parameters": {
                    "type": {
                      "kind": "enumerable",
                      "type": "Enumerable",
                      "value": "inner"
                    },
                    "col": {
                      "kind": "array",
                      "type": "Array",
                      "value": [
                        {
                          "kind": "column",
                          "type": "Column",
                          "value": "name",
                          "relation": "table_ef786fb82cbfd22046d899e21e9bf17a33408096",
                          "as": [
                            "name"
                          ]
                        },
                        {
                          "kind": "column",
                          "type": "Column",
                          "value": "extractlist_name",
                          "relation": "table_ef786fb82cbfd22046d899e21e9bf17a33408096",
                          "as": [
                            "extractlist_name"
                          ]
                        },
                        {
                          "kind": "column",
                          "type": "Column",
                          "value": "site",
                          "relation": "table_ef786fb82cbfd22046d899e21e9bf17a33408096",
                          "as": [
                            "site"
                          ]
                        },
                        {
                          "kind": "column",
                          "type": "Column",
                          "value": "extractlist_site",
                          "relation": "table_ef786fb82cbfd22046d899e21e9bf17a33408096",
                          "as": [
                            "extractlist_site"
                          ]
                        },
                        {
                          "kind": "column",
                          "type": "Column",
                          "value": "type",
                          "relation": "table_ef786fb82cbfd22046d899e21e9bf17a33408096",
                          "as": [
                            "type"
                          ]
                        },
                        {
                          "kind": "column",
                          "type": "Column",
                          "value": "list_brands",
                          "relation": "table_7f107d4d548055a7bc961a877e47e4525509b701",
                          "as": [
                            "list_brands"
                          ]
                        }
                      ]
                    },
                    "with": {
                      "kind": "table",
                      "type": "Table",
                      "value": "table_7f107d4d548055a7bc961a877e47e4525509b701"
                    },
                    "table": {
                      "kind": "table",
                      "type": "Table",
                      "value": "table_ef786fb82cbfd22046d899e21e9bf17a33408096"
                    },
                    "as": {
                      "kind": "array",
                      "type": "Array",
                      "value": [
                        {
                          "kind": "constant",
                          "type": "String",
                          "value": "name"
                        },
                        {
                          "kind": "constant",
                          "type": "String",
                          "value": "extractlist_name"
                        },
                        {
                          "kind": "constant",
                          "type": "String",
                          "value": "site"
                        },
                        {
                          "kind": "constant",
                          "type": "String",
                          "value": "extractlist_site"
                        },
                        {
                          "kind": "constant",
                          "type": "String",
                          "value": "type"
                        },
                        {
                          "kind": "constant",
                          "type": "String",
                          "value": "list_brands"
                        }
                      ]
                    }
                  },
                  "outputName": null
                },
                "tableData": null,
                "portId": null,
                "id": 9534311,
                "hash": "2618304ca4647e874812d5436ad64a0dd9a5039b",
                "pbemappingartifacts": [],
                "targetmappingartifacts": [],
                "dependencies": []
              },
              {
                "columnMetadata": {},
                "task": {
                  "annotations": {},
                  "kind": "task",
                  "type": "Comment",
                  "parameters": {
                    "comment": {
                      "kind": "constant",
                      "type": "String",
                      "value": "Get common words found in 2 list"
                    }
                  },
                  "outputName": null
                },
                "tableData": null,
                "portId": null,
                "id": 9749537,
                "hash": "e100068f8471ff095a9072cf13a2737e885b0fda",
                "pbemappingartifacts": [],
                "targetmappingartifacts": [],
                "dependencies": []
              },
              {
                "columnMetadata": {
                  "Brands in Name": {
                    "id": "-el86jp9"
                  }
                },
                "task": {
                  "annotations": {
                    "outputColumnAnnotations": {
                      "Brands in Name": {
                        "type": [
                          "Array"
                        ],
                        "_likely_types": [
                          [
                            "Array"
                          ],
                          [
                            "String"
                          ],
                          [
                            "Integer"
                          ],
                          [
                            "Phone"
                          ],
                          [
                            "SSN"
                          ]
                        ]
                      }
                    }
                  },
                  "kind": "task",
                  "type": "Derive",
                  "parameters": {
                    "type": {
                      "kind": "bundle",
                      "type": "Bundle",
                      "value": "single"
                    },
                    "value": {
                      "annotations": {},
                      "kind": "func",
                      "type": "ArrayIntersect",
                      "parameters": {
                        "col": {
                          "kind": "array",
                          "type": "Array",
                          "value": [
                            {
                              "kind": "column",
                              "type": "Column",
                              "value": "list_brands",
                              "relation": null
                            },
                            {
                              "kind": "column",
                              "type": "Column",
                              "value": "extractlist_name",
                              "relation": null
                            }
                          ]
                        }
                      }
                    },
                    "as": {
                      "kind": "constant",
                      "type": "String",
                      "value": "Brands in Name"
                    }
                  },
                  "outputName": null
                },
                "tableData": null,
                "portId": null,
                "id": 9534312,
                "hash": "2eeefd238ecaa93bcac4bd1927f5f5360a3bb6c2",
                "pbemappingartifacts": [],
                "targetmappingartifacts": [],
                "dependencies": []
              },
              {
                "columnMetadata": {
                  "Brands in Site": {
                    "id": "8u1bmr0"
                  }
                },
                "task": {
                  "annotations": {
                    "outputColumnAnnotations": {
                      "Brands in Site": {
                        "type": [
                          "Array"
                        ],
                        "_likely_types": [
                          [
                            "Array"
                          ],
                          [
                            "String"
                          ],
                          [
                            "Integer"
                          ],
                          [
                            "Phone"
                          ],
                          [
                            "SSN"
                          ]
                        ]
                      }
                    }
                  },
                  "kind": "task",
                  "type": "Derive",
                  "parameters": {
                    "type": {
                      "kind": "bundle",
                      "type": "Bundle",
                      "value": "single"
                    },
                    "value": {
                      "annotations": {},
                      "kind": "func",
                      "type": "ArrayIntersect",
                      "parameters": {
                        "col": {
                          "kind": "array",
                          "type": "Array",
                          "value": [
                            {
                              "kind": "column",
                              "type": "Column",
                              "value": "list_brands",
                              "relation": null
                            },
                            {
                              "kind": "column",
                              "type": "Column",
                              "value": "extractlist_site",
                              "relation": null
                            }
                          ]
                        }
                      }
                    },
                    "as": {
                      "kind": "constant",
                      "type": "String",
                      "value": "Brands in Site"
                    }
                  },
                  "outputName": null
                },
                "tableData": null,
                "portId": null,
                "id": 9534313,
                "hash": "248c5de9acc7825b1bbbbe0435416f7bfabbc73a",
                "pbemappingartifacts": [],
                "targetmappingartifacts": [],
                "dependencies": []
              },
              {
                "columnMetadata": {},
                "task": {
                  "annotations": {},
                  "kind": "task",
                  "type": "Comment",
                  "parameters": {
                    "comment": {
                      "kind": "constant",
                      "type": "String",
                      "value": "Cindition on 1 column and if 1 of the 2 common lists is not empty (some words have been found)."
                    }
                  },
                  "outputName": null
                },
                "tableData": null,
                "portId": null,
                "id": 9749553,
                "hash": "f2c94e042cacaee0aab8acd64d3aaa1f222a8303",
                "pbemappingartifacts": [],
                "targetmappingartifacts": [],
                "dependencies": []
              },
              {
                "columnMetadata": {
                  "authorized car dealer": {
                    "id": "-da478sw"
                  }
                },
                "task": {
                  "annotations": {
                    "outputColumnAnnotations": {
                      "authorized car dealer": {
                        "type": [
                          "String"
                        ],
                        "_likely_types": [
                          [
                            "String"
                          ],
                          [
                            "Integer"
                          ],
                          [
                            "Phone"
                          ],
                          [
                            "SSN"
                          ],
                          [
                            "Ipaddress"
                          ]
                        ]
                      }
                    }
                  },
                  "kind": "task",
                  "type": "Derive",
                  "parameters": {
                    "type": {
                      "kind": "bundle",
                      "type": "Bundle",
                      "value": "single"
                    },
                    "value": {
                      "annotations": {},
                      "kind": "func",
                      "type": "If",
                      "parameters": {
                        "true_expression": {
                          "kind": "constant",
                          "type": "String",
                          "value": "authorized car dealer"
                        },
                        "false_expression": {
                          "kind": "constant",
                          "type": "String",
                          "value": ""
                        },
                        "predicate": {
                          "annotations": {
                            "infix": true,
                            "parenthetical": false
                          },
                          "kind": "func",
                          "type": "And",
                          "parameters": {
                            "lhs": {
                              "annotations": {
                                "infix": true,
                                "parenthetical": false
                              },
                              "kind": "func",
                              "type": "Equal",
                              "parameters": {
                                "lhs": {
                                  "kind": "column",
                                  "type": "Column",
                                  "value": "type",
                                  "relation": null
                                },
                                "rhs": {
                                  "kind": "constant",
                                  "type": "String",
                                  "value": "Auto repair shop"
                                }
                              }
                            },
                            "rhs": {
                              "annotations": {
                                "infix": true,
                                "parenthetical": true
                              },
                              "kind": "func",
                              "type": "Or",
                              "parameters": {
                                "lhs": {
                                  "annotations": {},
                                  "kind": "func",
                                  "type": "ArrayLen",
                                  "parameters": {
                                    "col": {
                                      "kind": "column",
                                      "type": "Column",
                                      "value": "Brands in Name",
                                      "relation": null
                                    }
                                  }
                                },
                                "rhs": {
                                  "annotations": {},
                                  "kind": "func",
                                  "type": "ArrayLen",
                                  "parameters": {
                                    "col": {
                                      "kind": "column",
                                      "type": "Column",
                                      "value": "Brands in Site",
                                      "relation": null
                                    }
                                  }
                                }
                              }
                            }
                          }
                        }
                      }
                    },
                    "as": {
                      "kind": "constant",
                      "type": "String",
                      "value": "authorized car dealer"
                    }
                  },
                  "outputName": null
                },
                "tableData": null,
                "portId": null,
                "id": 9534314,
                "hash": "ae9175ec95fde6f3b83057033c5a244a211df1f0",
                "pbemappingartifacts": [],
                "targetmappingartifacts": [],
                "dependencies": []
              },
              {
                "columnMetadata": {},
                "task": {
                  "annotations": {},
                  "kind": "task",
                  "type": "Comment",
                  "parameters": {
                    "comment": {
                      "kind": "constant",
                      "type": "String",
                      "value": "Filter on row matching conditions"
                    }
                  },
                  "outputName": null
                },
                "tableData": null,
                "portId": null,
                "id": 9749561,
                "hash": "54b3c740213de62ed7d72046d7a1bc4754989d99",
                "pbemappingartifacts": [],
                "targetmappingartifacts": [],
                "dependencies": []
              },
              {
                "columnMetadata": {},
                "task": {
                  "annotations": {},
                  "kind": "task",
                  "type": "Filter",
                  "parameters": {
                    "action": {
                      "kind": "enumerable",
                      "type": "Enumerable",
                      "value": "Keep"
                    },
                    "row": {
                      "annotations": {},
                      "kind": "func",
                      "type": "Equal",
                      "parameters": {
                        "lhs": {
                          "kind": "column",
                          "type": "Column",
                          "value": "authorized car dealer",
                          "relation": null
                        },
                        "rhs": {
                          "kind": "constant",
                          "type": "String",
                          "value": "authorized car dealer"
                        }
                      }
                    },
                    "type": {
                      "kind": "bundle",
                      "type": "Bundle",
                      "value": "custom"
                    },
                    "rowType": {
                      "kind": "bundle",
                      "type": "Bundle",
                      "value": "single"
                    }
                  },
                  "outputName": null
                },
                "tableData": null,
                "portId": null,
                "id": 9534315,
                "hash": "abfd3f1d7ce9bbfac7a3106032d1d2a6b8992f39",
                "pbemappingartifacts": [],
                "targetmappingartifacts": [],
                "dependencies": []
              }
            ],
            "dqScriptRules": []
          },
          {
            "id": 1651920,
            "name": "Sites_Names.xlsx",
            "description": null,
            "active": true,
            "nextPortId": 1,
            "steps": [
              {
                "columnMetadata": null,
                "task": {
                  "annotations": {
                    "hidden": true
                  },
                  "kind": "task",
                  "type": "Load",
                  "parameters": {
                    "format": {
                      "annotations": {},
                      "kind": "func",
                      "type": "FormatBlob",
                      "parameters": {}
                    },
                    "location": {
                      "kind": "constant",
                      "type": "String",
                      "value": "id://807631"
                    },
                    "enableLineage": {
                      "kind": "constant",
                      "type": "Bool",
                      "value": true
                    },
                    "as": {
                      "kind": "array",
                      "type": "Array",
                      "value": [
                        {
                          "kind": "constant",
                          "type": "String",
                          "value": "column1"
                        }
                      ]
                    }
                  },
                  "outputName": "original_datasource_807631"
                },
                "tableData": null,
                "portId": null,
                "id": 9534335,
                "hash": "ea8ae9eac3b421db1d978017e99a9ce4b29adcd4",
                "pbemappingartifacts": [],
                "targetmappingartifacts": [],
                "dependencies": []
              },
              {
                "columnMetadata": null,
                "task": {
                  "annotations": {
                    "outputColumnAnnotations": {
                      "column1": {
                        "type": [
                          "String"
                        ],
                        "_likely_types": [
                          [
                            "String"
                          ],
                          [
                            "Integer"
                          ],
                          [
                            "Phone"
                          ],
                          [
                            "SSN"
                          ],
                          [
                            "Map"
                          ]
                        ]
                      }
                    }
                  },
                  "kind": "task",
                  "type": "SplitRows",
                  "parameters": {
                    "on": {
                      "kind": "constant",
                      "type": "String",
                      "value": "\n"
                    },
                    "col": {
                      "kind": "column",
                      "type": "Column",
                      "value": "column1",
                      "relation": null
                    },
                    "quote": {
                      "kind": "constant",
                      "type": "String",
                      "value": "\""
                    },
                    "quoteEscapeChar": {
                      "kind": "constant",
                      "type": "String",
                      "value": "\""
                    }
                  },
                  "outputName": null
                },
                "tableData": null,
                "portId": null,
                "id": 9534336,
                "hash": "5e0dbcfc803cc40c01c0298ba18470aabb16ab81",
                "pbemappingartifacts": [],
                "targetmappingartifacts": [],
                "dependencies": []
              },
              {
                "columnMetadata": null,
                "task": {
                  "annotations": {
                    "outputColumnAnnotations": {
                      "column2": {
                        "type": [
                          "String"
                        ],
                        "_likely_types": [
                          [
                            "String"
                          ],
                          [
                            "Integer"
                          ],
                          [
                            "Phone"
                          ],
                          [
                            "SSN"
                          ],
                          [
                            "Map"
                          ]
                        ]
                      },
                      "column3": {
                        "type": [
                          "String"
                        ],
                        "_likely_types": [
                          [
                            "String"
                          ],
                          [
                            "Integer"
                          ],
                          [
                            "Phone"
                          ],
                          [
                            "SSN"
                          ],
                          [
                            "Map"
                          ]
                        ]
                      },
                      "column4": {
                        "type": [
                          "String"
                        ],
                        "_likely_types": [
                          [
                            "String"
                          ],
                          [
                            "Integer"
                          ],
                          [
                            "Phone"
                          ],
                          [
                            "SSN"
                          ],
                          [
                            "Map"
                          ]
                        ]
                      }
                    }
                  },
                  "kind": "task",
                  "type": "Split",
                  "parameters": {
                    "col": {
                      "kind": "column",
                      "type": "Column",
                      "value": "column1",
                      "relation": null
                    },
                    "type": {
                      "kind": "bundle",
                      "type": "Bundle",
                      "value": "on"
                    },
                    "on": {
                      "kind": "constant",
                      "type": "String",
                      "value": ","
                    },
                    "limit": {
                      "kind": "constant",
                      "type": "Integer",
                      "value": 2
                    },
                    "quote": {
                      "kind": "constant",
                      "type": "String",
                      "value": "\""
                    },
                    "as": {
                      "kind": "array",
                      "type": "Array",
                      "value": [
                        {
                          "kind": "constant",
                          "type": "String",
                          "value": "column2"
                        },
                        {
                          "kind": "constant",
                          "type": "String",
                          "value": "column3"
                        },
                        {
                          "kind": "constant",
                          "type": "String",
                          "value": "column4"
                        }
                      ]
                    }
                  },
                  "outputName": null
                },
                "tableData": null,
                "portId": null,
                "id": 9534337,
                "hash": "269ce7babb8301d78058c996b4e3c731e56f242d",
                "pbemappingartifacts": [],
                "targetmappingartifacts": [],
                "dependencies": []
              },
              {
                "columnMetadata": null,
                "task": {
                  "annotations": {
                    "outputColumnAnnotations": {
                      "column2": {
                        "type": [
                          "String"
                        ],
                        "_likely_types": [
                          [
                            "String"
                          ],
                          [
                            "Integer"
                          ],
                          [
                            "Phone"
                          ],
                          [
                            "SSN"
                          ],
                          [
                            "Map"
                          ]
                        ]
                      },
                      "column3": {
                        "type": [
                          "String"
                        ],
                        "_likely_types": [
                          [
                            "String"
                          ],
                          [
                            "Integer"
                          ],
                          [
                            "Phone"
                          ],
                          [
                            "SSN"
                          ],
                          [
                            "Map"
                          ]
                        ]
                      },
                      "column4": {
                        "type": [
                          "String"
                        ],
                        "_likely_types": [
                          [
                            "String"
                          ],
                          [
                            "Integer"
                          ],
                          [
                            "Phone"
                          ],
                          [
                            "SSN"
                          ],
                          [
                            "Map"
                          ]
                        ]
                      }
                    }
                  },
                  "kind": "task",
                  "type": "Replace",
                  "parameters": {
                    "with": {
                      "kind": "constant",
                      "type": "String",
                      "value": "\""
                    },
                    "col": {
                      "kind": "array",
                      "type": "Array",
                      "value": [
                        {
                          "kind": "column",
                          "type": "Wildcard",
                          "value": "*",
                          "annotations": {
                            "includeLineage": false,
                            "includeFileLineage": false
                          },
                          "relation": null
                        }
                      ]
                    },
                    "type": {
                      "kind": "bundle",
                      "type": "Bundle",
                      "value": "on"
                    },
                    "on": {
                      "kind": "constant",
                      "type": "String",
                      "value": "\"\""
                    },
                    "global": {
                      "kind": "constant",
                      "type": "Bool",
                      "value": true
                    }
                  },
                  "outputName": null
                },
                "tableData": null,
                "portId": null,
                "id": 9534338,
                "hash": "aa2749552f296f5544b70e416bfb7f3ace9322d0",
                "pbemappingartifacts": [],
                "targetmappingartifacts": [],
                "dependencies": []
              },
              {
                "columnMetadata": null,
                "task": {
                  "annotations": {
                    "outputColumnAnnotations": {
                      "column2": {
                        "type": [
                          "String"
                        ],
                        "_likely_types": [
                          [
                            "String"
                          ],
                          [
                            "Integer"
                          ],
                          [
                            "Phone"
                          ],
                          [
                            "SSN"
                          ],
                          [
                            "Map"
                          ]
                        ]
                      },
                      "column3": {
                        "type": [
                          "Url"
                        ],
                        "_likely_types": [
                          [
                            "Url"
                          ],
                          [
                            "String"
                          ],
                          [
                            "Integer"
                          ],
                          [
                            "Phone"
                          ],
                          [
                            "SSN"
                          ]
                        ]
                      },
                      "column4": {
                        "type": [
                          "String"
                        ],
                        "_likely_types": [
                          [
                            "String"
                          ],
                          [
                            "Integer"
                          ],
                          [
                            "Phone"
                          ],
                          [
                            "SSN"
                          ],
                          [
                            "Map"
                          ]
                        ]
                      }
                    }
                  },
                  "kind": "task",
                  "type": "Replace",
                  "parameters": {
                    "with": {
                      "kind": "constant",
                      "type": "String",
                      "value": ""
                    },
                    "col": {
                      "kind": "array",
                      "type": "Array",
                      "value": [
                        {
                          "kind": "column",
                          "type": "Wildcard",
                          "value": "*",
                          "annotations": {
                            "includeLineage": false,
                            "includeFileLineage": false
                          },
                          "relation": null
                        }
                      ]
                    },
                    "type": {
                      "kind": "bundle",
                      "type": "Bundle",
                      "value": "on"
                    },
                    "on": {
                      "kind": "constant",
                      "type": "Pattern",
                      "value": "{start}\"|\"{end}"
                    },
                    "global": {
                      "kind": "constant",
                      "type": "Bool",
                      "value": true
                    }
                  },
                  "outputName": null
                },
                "tableData": null,
                "portId": null,
                "id": 9534339,
                "hash": "e04bba5fda826f9ba0bb3051b20fedc70a189c46",
                "pbemappingartifacts": [],
                "targetmappingartifacts": [],
                "dependencies": []
              },
              {
                "columnMetadata": null,
                "task": {
                  "annotations": {
                    "outputColumnAnnotations": {
                      "name": {
                        "type": [
                          "String"
                        ],
                        "_likely_types": [
                          [
                            "String"
                          ],
                          [
                            "Integer"
                          ],
                          [
                            "Phone"
                          ],
                          [
                            "SSN"
                          ],
                          [
                            "Map"
                          ]
                        ]
                      },
                      "site": {
                        "type": [
                          "Url"
                        ],
                        "_likely_types": [
                          [
                            "Url"
                          ],
                          [
                            "String"
                          ],
                          [
                            "Integer"
                          ],
                          [
                            "Phone"
                          ],
                          [
                            "SSN"
                          ]
                        ]
                      },
                      "type": {
                        "type": [
                          "String"
                        ],
                        "_likely_types": [
                          [
                            "String"
                          ],
                          [
                            "Integer"
                          ],
                          [
                            "Phone"
                          ],
                          [
                            "SSN"
                          ],
                          [
                            "Map"
                          ]
                        ]
                      }
                    }
                  },
                  "kind": "task",
                  "type": "Header",
                  "parameters": {
                    "sanitize": {
                      "kind": "constant",
                      "type": "Bool",
                      "value": false
                    },
                    "as": {
                      "kind": "array",
                      "type": "Array",
                      "value": [
                        {
                          "kind": "constant",
                          "type": "String",
                          "value": "name"
                        },
                        {
                          "kind": "constant",
                          "type": "String",
                          "value": "site"
                        },
                        {
                          "kind": "constant",
                          "type": "String",
                          "value": "type"
                        }
                      ]
                    }
                  },
                  "outputName": null
                },
                "tableData": {
                  "column2": "name",
                  "column3": "site",
                  "column4": "type"
                },
                "portId": null,
                "id": 9534340,
                "hash": "bd3b9a71c2b6eaa1f6a8e40093ce12f4516423ee",
                "pbemappingartifacts": [],
                "targetmappingartifacts": [],
                "dependencies": []
              }
            ],
            "dqScriptRules": []
          },
          {
            "id": 1651931,
            "name": "categories.txt",
            "description": null,
            "active": true,
            "nextPortId": 1,
            "steps": [
              {
                "columnMetadata": null,
                "task": {
                  "annotations": {
                    "hidden": true
                  },
                  "kind": "task",
                  "type": "Load",
                  "parameters": {
                    "format": {
                      "annotations": {},
                      "kind": "func",
                      "type": "FormatBlob",
                      "parameters": {}
                    },
                    "location": {
                      "kind": "constant",
                      "type": "String",
                      "value": "id://807640"
                    },
                    "enableLineage": {
                      "kind": "constant",
                      "type": "Bool",
                      "value": true
                    },
                    "as": {
                      "kind": "array",
                      "type": "Array",
                      "value": [
                        {
                          "kind": "constant",
                          "type": "String",
                          "value": "column1"
                        }
                      ]
                    }
                  },
                  "outputName": "original_datasource_807640"
                },
                "tableData": null,
                "portId": null,
                "id": 9534375,
                "hash": "abacf1b2274b23596516b3af1669b77d251b698a",
                "pbemappingartifacts": [],
                "targetmappingartifacts": [],
                "dependencies": []
              },
              {
                "columnMetadata": null,
                "task": {
                  "annotations": {
                    "outputColumnAnnotations": {
                      "column1": {
                        "type": [
                          "String"
                        ],
                        "_likely_types": [
                          [
                            "String"
                          ],
                          [
                            "Integer"
                          ],
                          [
                            "Phone"
                          ],
                          [
                            "SSN"
                          ],
                          [
                            "Ipaddress"
                          ]
                        ]
                      }
                    }
                  },
                  "kind": "task",
                  "type": "SplitRows",
                  "parameters": {
                    "on": {
                      "kind": "constant",
                      "type": "String",
                      "value": "\n"
                    },
                    "col": {
                      "kind": "column",
                      "type": "Column",
                      "value": "column1",
                      "relation": null
                    }
                  },
                  "outputName": null
                },
                "tableData": null,
                "portId": null,
                "id": 9534376,
                "hash": "5b76beb43f95911c7e7aa551e114982f9022d0e3",
                "pbemappingartifacts": [],
                "targetmappingartifacts": [],
                "dependencies": []
              }
            ],
            "dqScriptRules": []
          }
        ],
        "outputobjects": [],
        "datasources": [
          {
            "path": "/cjardim@trifacta.com/upload/318609b0-b539-47da-bf40-8afdf77614ea/Sites_Names_Data.xlsx",
            "bucket": "dataprep-staging-592e1ddb-fca8-4085-9d58-86d3fb94cd04",
            "userinfo": null,
            "type": "gs",
            "host": null,
            "isDynamicOrConverted": true,
            "id": 807631,
            "dynamicPath": null,
            "cpProject": "trifacta-content-repository",
            "connectionId": null,
            "isSchematized": true,
            "isDynamic": false,
            "isConverted": true,
            "disableTypeInference": false,
            "hasStructuring": true,
            "parsingScriptId": 1651920,
            "convertedSource": {
              "selection": [
                "Example"
              ],
              "id": 2152
            },
            "storageLocation": {
              "fullUri": "gs://dataprep-staging-592e1ddb-fca8-4085-9d58-86d3fb94cd04/cjardim@trifacta.com/upload/318609b0-b539-47da-bf40-8afdf77614ea/Sites_Names_Data.xlsx",
              "id": 11176882,
              "path": "/cjardim@trifacta.com/upload/318609b0-b539-47da-bf40-8afdf77614ea/Sites_Names_Data.xlsx",
              "size": 11823,
              "type": "gs",
              "bucket": "dataprep-staging-592e1ddb-fca8-4085-9d58-86d3fb94cd04",
              "blobHost": null,
              "container": null,
              "hash": "334bcaf932d82a2392a42cffd28adb8655c7fc52",
              "host": null,
              "userinfo": null
            },
            "runParameters": []
          },
          {
            "path": "/cjardim@trifacta.com/upload/4cd607f6-289d-4161-9725-74aacb2c29ef/categories.txt",
            "bucket": "dataprep-staging-592e1ddb-fca8-4085-9d58-86d3fb94cd04",
            "userinfo": null,
            "type": "gs",
            "host": null,
            "isDynamicOrConverted": false,
            "id": 807640,
            "dynamicPath": null,
            "cpProject": "trifacta-content-repository",
            "connectionId": null,
            "isSchematized": true,
            "isDynamic": false,
            "isConverted": false,
            "disableTypeInference": false,
            "hasStructuring": true,
            "parsingScriptId": 1651931,
            "storageLocation": {
              "fullUri": "gs://dataprep-staging-592e1ddb-fca8-4085-9d58-86d3fb94cd04/cjardim@trifacta.com/upload/4cd607f6-289d-4161-9725-74aacb2c29ef/categories.txt",
              "id": 11176906,
              "path": "/cjardim@trifacta.com/upload/4cd607f6-289d-4161-9725-74aacb2c29ef/categories.txt",
              "size": 32,
              "type": "gs",
              "bucket": "dataprep-staging-592e1ddb-fca8-4085-9d58-86d3fb94cd04",
              "blobHost": null,
              "container": null,
              "hash": "a627f40407e7febe264686f1bf75737253a5f342",
              "host": null,
              "userinfo": null
            },
            "runParameters": []
          }
        ],
        "webhookflowtasks": []
      }
    ]
  },
  "hash": "ZBohlR8Qyy2zujrApk4YKnL2FQOqhaC5"
}