{
  "type": "flow",
  "kind": "artifact",
  "metadata": {
    "trifactaVersion": "7.8.0+94.20201118131723.d38dcee",
    "exportedAt": "2020-11-26T13:13:41.775Z",
    "exportedBy": 120883,
    "uuid": "346371f0-2fe9-11eb-a5bb-c9f57623c52d",
    "comment": "",
    "primaryFlowIds": [
      384133
    ],
    "edition": "Dataprep",
    "lastMigration": "20201009121100"
  },
  "data": {
    "artifacts": [],
    "connections": [],
    "flows": [
      {
        "settings": {
          "optimize": "default"
        },
        "id": 384133,
        "name": "Replace missing by the most frequent value",
        "description": "",
        "defaultOutputDir": null,
        "fromExampleFlowHash": null,
        "fromExampleFlowName": null,
        "flownodes": [
          {
            "id": 1957842,
            "scriptId": 1801309,
            "flowNodeId": null,
            "wrangled": false,
            "referenceId": null
          },
          {
            "id": 1957843,
            "scriptId": 1804168,
            "flowNodeId": null,
            "wrangled": true,
            "referenceId": null
          }
        ],
        "notes": [
          {
            "id": 698,
            "content": "For%20this%20use%20case%20you%20need%20to%20replace%20missing%20occupation%20values%20but%20the%20most%20frequent%20occupation%20found%20in%20the%20dataset.%3Cdiv%3EWe%20will%20do%20that%20in%202%20steps%3A%3C%2Fdiv%3E%3Cdiv%3E1%2F%20Find%20the%20most%20frequent%20occupation%20category%20and%20create%20a%20column%20with%20it%3C%2Fdiv%3E%3Cdiv%3E2%2F%20Replace%20missing%20value%20by%20this%20occupation%20category%20found%3C%2Fdiv%3E%3Cdiv%3E%3Cbr%3E%3C%2Fdiv%3E",
            "flowGraphVertexId": 548973
          }
        ],
        "flowgraphvertices": [
          {
            "id": 544545,
            "objectType": "flownode",
            "objectId": 1957842,
            "x": 6,
            "y": 159
          },
          {
            "id": 544546,
            "objectType": "flownode",
            "objectId": 1957843,
            "x": 172,
            "y": 155
          },
          {
            "id": 548973,
            "objectType": "note",
            "objectId": 698,
            "x": 74,
            "y": 54
          }
        ],
        "flowedges": [
          {
            "id": 1714344,
            "inFlowNodeId": 1957842,
            "inPortId": null,
            "outFlowNodeId": 1957843,
            "outPortId": null
          }
        ],
        "references": [],
        "flowrunparameteroverrides": [],
        "runparameters": [],
        "recipes": [
          {
            "id": 1801309,
            "name": "customer_small.csv",
            "description": null,
            "active": true,
            "nextPortId": 1,
            "steps": [
              {
                "columnMetadata": null,
                "task": {
                  "annotations": {
                    "hidden": true
                  },
                  "kind": "task",
                  "type": "Load",
                  "parameters": {
                    "format": {
                      "annotations": {},
                      "kind": "func",
                      "type": "FormatBlob",
                      "parameters": {}
                    },
                    "location": {
                      "kind": "constant",
                      "type": "String",
                      "value": "id://870065"
                    },
                    "enableLineage": {
                      "kind": "constant",
                      "type": "Bool",
                      "value": true
                    },
                    "as": {
                      "kind": "array",
                      "type": "Array",
                      "value": [
                        {
                          "kind": "constant",
                          "type": "String",
                          "value": "column1"
                        }
                      ]
                    }
                  },
                  "outputName": "original_datasource_870065"
                },
                "tableData": null,
                "portId": null,
                "id": 10477981,
                "hash": "073c9a5dc6923b52ebbd4f68c6edb39ee8238edf",
                "pbemappingartifacts": [],
                "targetmappingartifacts": [],
                "dependencies": []
              },
              {
                "columnMetadata": null,
                "task": {
                  "annotations": {
                    "outputColumnAnnotations": {
                      "column1": {
                        "type": [
                          "String"
                        ],
                        "_likely_types": [
                          [
                            "String"
                          ],
                          [
                            "Integer"
                          ],
                          [
                            "Phone"
                          ],
                          [
                            "SSN"
                          ],
                          [
                            "Map"
                          ]
                        ]
                      }
                    }
                  },
                  "kind": "task",
                  "type": "SplitRows",
                  "parameters": {
                    "on": {
                      "kind": "constant",
                      "type": "String",
                      "value": "\n"
                    },
                    "col": {
                      "kind": "column",
                      "type": "Column",
                      "value": "column1",
                      "relation": null
                    },
                    "quote": {
                      "kind": "constant",
                      "type": "String",
                      "value": "\""
                    },
                    "quoteEscapeChar": {
                      "kind": "constant",
                      "type": "String",
                      "value": "\""
                    }
                  },
                  "outputName": null
                },
                "tableData": null,
                "portId": null,
                "id": 10477980,
                "hash": "5e0dbcfc803cc40c01c0298ba18470aabb16ab81",
                "pbemappingartifacts": [],
                "targetmappingartifacts": [],
                "dependencies": []
              },
              {
                "columnMetadata": null,
                "task": {
                  "annotations": {
                    "outputColumnAnnotations": {
                      "column2": {
                        "type": [
                          "String"
                        ],
                        "_likely_types": [
                          [
                            "String"
                          ],
                          [
                            "Integer"
                          ],
                          [
                            "Phone"
                          ],
                          [
                            "SSN"
                          ],
                          [
                            "Map"
                          ]
                        ]
                      },
                      "column3": {
                        "type": [
                          "String"
                        ],
                        "_likely_types": [
                          [
                            "String"
                          ],
                          [
                            "Integer"
                          ],
                          [
                            "Phone"
                          ],
                          [
                            "SSN"
                          ],
                          [
                            "Map"
                          ]
                        ]
                      },
                      "column4": {
                        "type": [
                          "String"
                        ],
                        "_likely_types": [
                          [
                            "String"
                          ],
                          [
                            "Integer"
                          ],
                          [
                            "Phone"
                          ],
                          [
                            "SSN"
                          ],
                          [
                            "Map"
                          ]
                        ]
                      },
                      "column5": {
                        "type": [
                          "String"
                        ],
                        "_likely_types": [
                          [
                            "String"
                          ],
                          [
                            "Integer"
                          ],
                          [
                            "Phone"
                          ],
                          [
                            "SSN"
                          ],
                          [
                            "Map"
                          ]
                        ]
                      },
                      "column6": {
                        "type": [
                          "String"
                        ],
                        "_likely_types": [
                          [
                            "String"
                          ],
                          [
                            "Integer"
                          ],
                          [
                            "Phone"
                          ],
                          [
                            "SSN"
                          ],
                          [
                            "Map"
                          ]
                        ]
                      },
                      "column7": {
                        "type": [
                          "String"
                        ],
                        "_likely_types": [
                          [
                            "String"
                          ],
                          [
                            "Integer"
                          ],
                          [
                            "Phone"
                          ],
                          [
                            "SSN"
                          ],
                          [
                            "Map"
                          ]
                        ]
                      },
                      "column8": {
                        "type": [
                          "String"
                        ],
                        "_likely_types": [
                          [
                            "String"
                          ],
                          [
                            "Integer"
                          ],
                          [
                            "Phone"
                          ],
                          [
                            "SSN"
                          ],
                          [
                            "Map"
                          ]
                        ]
                      },
                      "column9": {
                        "type": [
                          "String"
                        ],
                        "_likely_types": [
                          [
                            "String"
                          ],
                          [
                            "Integer"
                          ],
                          [
                            "Phone"
                          ],
                          [
                            "SSN"
                          ],
                          [
                            "Map"
                          ]
                        ]
                      },
                      "column10": {
                        "type": [
                          "String"
                        ],
                        "_likely_types": [
                          [
                            "String"
                          ],
                          [
                            "Integer"
                          ],
                          [
                            "Phone"
                          ],
                          [
                            "SSN"
                          ],
                          [
                            "Map"
                          ]
                        ]
                      },
                      "column11": {
                        "type": [
                          "String"
                        ],
                        "_likely_types": [
                          [
                            "String"
                          ],
                          [
                            "Integer"
                          ],
                          [
                            "Phone"
                          ],
                          [
                            "SSN"
                          ],
                          [
                            "Map"
                          ]
                        ]
                      },
                      "column12": {
                        "type": [
                          "String"
                        ],
                        "_likely_types": [
                          [
                            "String"
                          ],
                          [
                            "Integer"
                          ],
                          [
                            "Phone"
                          ],
                          [
                            "SSN"
                          ],
                          [
                            "Map"
                          ]
                        ]
                      },
                      "column13": {
                        "type": [
                          "String"
                        ],
                        "_likely_types": [
                          [
                            "String"
                          ],
                          [
                            "Integer"
                          ],
                          [
                            "Phone"
                          ],
                          [
                            "SSN"
                          ],
                          [
                            "Map"
                          ]
                        ]
                      },
                      "column14": {
                        "type": [
                          "String"
                        ],
                        "_likely_types": [
                          [
                            "String"
                          ],
                          [
                            "Integer"
                          ],
                          [
                            "Phone"
                          ],
                          [
                            "SSN"
                          ],
                          [
                            "Map"
                          ]
                        ]
                      },
                      "column15": {
                        "type": [
                          "String"
                        ],
                        "_likely_types": [
                          [
                            "String"
                          ],
                          [
                            "Integer"
                          ],
                          [
                            "Phone"
                          ],
                          [
                            "SSN"
                          ],
                          [
                            "Map"
                          ]
                        ]
                      },
                      "column16": {
                        "type": [
                          "String"
                        ],
                        "_likely_types": [
                          [
                            "String"
                          ],
                          [
                            "Integer"
                          ],
                          [
                            "Phone"
                          ],
                          [
                            "SSN"
                          ],
                          [
                            "Map"
                          ]
                        ]
                      },
                      "column17": {
                        "type": [
                          "String"
                        ],
                        "_likely_types": [
                          [
                            "String"
                          ],
                          [
                            "Integer"
                          ],
                          [
                            "Phone"
                          ],
                          [
                            "SSN"
                          ],
                          [
                            "Map"
                          ]
                        ]
                      },
                      "column18": {
                        "type": [
                          "String"
                        ],
                        "_likely_types": [
                          [
                            "String"
                          ],
                          [
                            "Integer"
                          ],
                          [
                            "Phone"
                          ],
                          [
                            "SSN"
                          ],
                          [
                            "Map"
                          ]
                        ]
                      },
                      "column19": {
                        "type": [
                          "String"
                        ],
                        "_likely_types": [
                          [
                            "String"
                          ],
                          [
                            "Integer"
                          ],
                          [
                            "Phone"
                          ],
                          [
                            "SSN"
                          ],
                          [
                            "Map"
                          ]
                        ]
                      },
                      "column20": {
                        "type": [
                          "String"
                        ],
                        "_likely_types": [
                          [
                            "String"
                          ],
                          [
                            "Integer"
                          ],
                          [
                            "Phone"
                          ],
                          [
                            "SSN"
                          ],
                          [
                            "Map"
                          ]
                        ]
                      }
                    }
                  },
                  "kind": "task",
                  "type": "Split",
                  "parameters": {
                    "col": {
                      "kind": "column",
                      "type": "Column",
                      "value": "column1",
                      "relation": null
                    },
                    "type": {
                      "kind": "bundle",
                      "type": "Bundle",
                      "value": "on"
                    },
                    "on": {
                      "kind": "constant",
                      "type": "String",
                      "value": ","
                    },
                    "limit": {
                      "kind": "constant",
                      "type": "Integer",
                      "value": 18
                    },
                    "quote": {
                      "kind": "constant",
                      "type": "String",
                      "value": "\""
                    },
                    "as": {
                      "kind": "array",
                      "type": "Array",
                      "value": [
                        {
                          "kind": "constant",
                          "type": "String",
                          "value": "column2"
                        },
                        {
                          "kind": "constant",
                          "type": "String",
                          "value": "column3"
                        },
                        {
                          "kind": "constant",
                          "type": "String",
                          "value": "column4"
                        },
                        {
                          "kind": "constant",
                          "type": "String",
                          "value": "column5"
                        },
                        {
                          "kind": "constant",
                          "type": "String",
                          "value": "column6"
                        },
                        {
                          "kind": "constant",
                          "type": "String",
                          "value": "column7"
                        },
                        {
                          "kind": "constant",
                          "type": "String",
                          "value": "column8"
                        },
                        {
                          "kind": "constant",
                          "type": "String",
                          "value": "column9"
                        },
                        {
                          "kind": "constant",
                          "type": "String",
                          "value": "column10"
                        },
                        {
                          "kind": "constant",
                          "type": "String",
                          "value": "column11"
                        },
                        {
                          "kind": "constant",
                          "type": "String",
                          "value": "column12"
                        },
                        {
                          "kind": "constant",
                          "type": "String",
                          "value": "column13"
                        },
                        {
                          "kind": "constant",
                          "type": "String",
                          "value": "column14"
                        },
                        {
                          "kind": "constant",
                          "type": "String",
                          "value": "column15"
                        },
                        {
                          "kind": "constant",
                          "type": "String",
                          "value": "column16"
                        },
                        {
                          "kind": "constant",
                          "type": "String",
                          "value": "column17"
                        },
                        {
                          "kind": "constant",
                          "type": "String",
                          "value": "column18"
                        },
                        {
                          "kind": "constant",
                          "type": "String",
                          "value": "column19"
                        },
                        {
                          "kind": "constant",
                          "type": "String",
                          "value": "column20"
                        }
                      ]
                    }
                  },
                  "outputName": null
                },
                "tableData": null,
                "portId": null,
                "id": 10477985,
                "hash": "027a18ec9a841afa4b569401dc0e8a026055e86c",
                "pbemappingartifacts": [],
                "targetmappingartifacts": [],
                "dependencies": []
              },
              {
                "columnMetadata": null,
                "task": {
                  "annotations": {
                    "outputColumnAnnotations": {
                      "column2": {
                        "type": [
                          "String"
                        ],
                        "_likely_types": [
                          [
                            "String"
                          ],
                          [
                            "Integer"
                          ],
                          [
                            "Phone"
                          ],
                          [
                            "SSN"
                          ],
                          [
                            "Map"
                          ]
                        ]
                      },
                      "column3": {
                        "type": [
                          "String"
                        ],
                        "_likely_types": [
                          [
                            "String"
                          ],
                          [
                            "Integer"
                          ],
                          [
                            "Phone"
                          ],
                          [
                            "SSN"
                          ],
                          [
                            "Map"
                          ]
                        ]
                      },
                      "column4": {
                        "type": [
                          "String"
                        ],
                        "_likely_types": [
                          [
                            "String"
                          ],
                          [
                            "Integer"
                          ],
                          [
                            "Phone"
                          ],
                          [
                            "SSN"
                          ],
                          [
                            "Map"
                          ]
                        ]
                      },
                      "column5": {
                        "type": [
                          "String"
                        ],
                        "_likely_types": [
                          [
                            "String"
                          ],
                          [
                            "Integer"
                          ],
                          [
                            "Phone"
                          ],
                          [
                            "SSN"
                          ],
                          [
                            "Map"
                          ]
                        ]
                      },
                      "column6": {
                        "type": [
                          "String"
                        ],
                        "_likely_types": [
                          [
                            "String"
                          ],
                          [
                            "Integer"
                          ],
                          [
                            "Phone"
                          ],
                          [
                            "SSN"
                          ],
                          [
                            "Map"
                          ]
                        ]
                      },
                      "column7": {
                        "type": [
                          "String"
                        ],
                        "_likely_types": [
                          [
                            "String"
                          ],
                          [
                            "Integer"
                          ],
                          [
                            "Phone"
                          ],
                          [
                            "SSN"
                          ],
                          [
                            "Map"
                          ]
                        ]
                      },
                      "column8": {
                        "type": [
                          "String"
                        ],
                        "_likely_types": [
                          [
                            "String"
                          ],
                          [
                            "Integer"
                          ],
                          [
                            "Phone"
                          ],
                          [
                            "SSN"
                          ],
                          [
                            "Map"
                          ]
                        ]
                      },
                      "column9": {
                        "type": [
                          "String"
                        ],
                        "_likely_types": [
                          [
                            "String"
                          ],
                          [
                            "Integer"
                          ],
                          [
                            "Phone"
                          ],
                          [
                            "SSN"
                          ],
                          [
                            "Map"
                          ]
                        ]
                      },
                      "column10": {
                        "type": [
                          "String"
                        ],
                        "_likely_types": [
                          [
                            "String"
                          ],
                          [
                            "Integer"
                          ],
                          [
                            "Phone"
                          ],
                          [
                            "SSN"
                          ],
                          [
                            "Map"
                          ]
                        ]
                      },
                      "column11": {
                        "type": [
                          "String"
                        ],
                        "_likely_types": [
                          [
                            "String"
                          ],
                          [
                            "Integer"
                          ],
                          [
                            "Phone"
                          ],
                          [
                            "SSN"
                          ],
                          [
                            "Map"
                          ]
                        ]
                      },
                      "column12": {
                        "type": [
                          "String"
                        ],
                        "_likely_types": [
                          [
                            "String"
                          ],
                          [
                            "Integer"
                          ],
                          [
                            "Phone"
                          ],
                          [
                            "SSN"
                          ],
                          [
                            "Map"
                          ]
                        ]
                      },
                      "column13": {
                        "type": [
                          "String"
                        ],
                        "_likely_types": [
                          [
                            "String"
                          ],
                          [
                            "Integer"
                          ],
                          [
                            "Phone"
                          ],
                          [
                            "SSN"
                          ],
                          [
                            "Map"
                          ]
                        ]
                      },
                      "column14": {
                        "type": [
                          "String"
                        ],
                        "_likely_types": [
                          [
                            "String"
                          ],
                          [
                            "Integer"
                          ],
                          [
                            "Phone"
                          ],
                          [
                            "SSN"
                          ],
                          [
                            "Map"
                          ]
                        ]
                      },
                      "column15": {
                        "type": [
                          "String"
                        ],
                        "_likely_types": [
                          [
                            "String"
                          ],
                          [
                            "Integer"
                          ],
                          [
                            "Phone"
                          ],
                          [
                            "SSN"
                          ],
                          [
                            "Map"
                          ]
                        ]
                      },
                      "column16": {
                        "type": [
                          "String"
                        ],
                        "_likely_types": [
                          [
                            "String"
                          ],
                          [
                            "Integer"
                          ],
                          [
                            "Phone"
                          ],
                          [
                            "SSN"
                          ],
                          [
                            "Map"
                          ]
                        ]
                      },
                      "column17": {
                        "type": [
                          "String"
                        ],
                        "_likely_types": [
                          [
                            "String"
                          ],
                          [
                            "Integer"
                          ],
                          [
                            "Phone"
                          ],
                          [
                            "SSN"
                          ],
                          [
                            "Map"
                          ]
                        ]
                      },
                      "column18": {
                        "type": [
                          "String"
                        ],
                        "_likely_types": [
                          [
                            "String"
                          ],
                          [
                            "Integer"
                          ],
                          [
                            "Phone"
                          ],
                          [
                            "SSN"
                          ],
                          [
                            "Map"
                          ]
                        ]
                      },
                      "column19": {
                        "type": [
                          "String"
                        ],
                        "_likely_types": [
                          [
                            "String"
                          ],
                          [
                            "Integer"
                          ],
                          [
                            "Phone"
                          ],
                          [
                            "SSN"
                          ],
                          [
                            "Map"
                          ]
                        ]
                      },
                      "column20": {
                        "type": [
                          "String"
                        ],
                        "_likely_types": [
                          [
                            "String"
                          ],
                          [
                            "Integer"
                          ],
                          [
                            "Phone"
                          ],
                          [
                            "SSN"
                          ],
                          [
                            "Map"
                          ]
                        ]
                      }
                    }
                  },
                  "kind": "task",
                  "type": "Replace",
                  "parameters": {
                    "with": {
                      "kind": "constant",
                      "type": "String",
                      "value": "\""
                    },
                    "col": {
                      "kind": "array",
                      "type": "Array",
                      "value": [
                        {
                          "kind": "column",
                          "type": "Wildcard",
                          "value": "*",
                          "annotations": {
                            "includeLineage": false,
                            "includeFileLineage": false
                          },
                          "relation": null
                        }
                      ]
                    },
                    "type": {
                      "kind": "bundle",
                      "type": "Bundle",
                      "value": "on"
                    },
                    "on": {
                      "kind": "constant",
                      "type": "String",
                      "value": "\"\""
                    },
                    "global": {
                      "kind": "constant",
                      "type": "Bool",
                      "value": true
                    }
                  },
                  "outputName": null
                },
                "tableData": null,
                "portId": null,
                "id": 10477983,
                "hash": "d96a725cf2f60e7dc8a34e3a89906fde1c83ab5a",
                "pbemappingartifacts": [],
                "targetmappingartifacts": [],
                "dependencies": []
              },
              {
                "columnMetadata": null,
                "task": {
                  "annotations": {
                    "outputColumnAnnotations": {
                      "column2": {
                        "type": [
                          "Integer"
                        ],
                        "_likely_types": [
                          [
                            "Integer"
                          ],
                          [
                            "Float"
                          ],
                          [
                            "String"
                          ],
                          [
                            "Phone"
                          ],
                          [
                            "SSN"
                          ]
                        ]
                      },
                      "column3": {
                        "type": [
                          "Datetime",
                          "mm-dd-yy",
                          "mm*dd*yy"
                        ],
                        "_likely_types": [
                          [
                            "Datetime",
                            "mm-dd-yy",
                            "mm*dd*yy"
                          ],
                          [
                            "String"
                          ],
                          [
                            "Integer"
                          ],
                          [
                            "Phone"
                          ],
                          [
                            "SSN"
                          ]
                        ]
                      },
                      "column4": {
                        "type": [
                          "Datetime",
                          "mm-dd-yy",
                          "mm*dd*yy"
                        ],
                        "_likely_types": [
                          [
                            "Datetime",
                            "mm-dd-yy",
                            "mm*dd*yy"
                          ],
                          [
                            "String"
                          ],
                          [
                            "Integer"
                          ],
                          [
                            "Phone"
                          ],
                          [
                            "SSN"
                          ]
                        ]
                      },
                      "column5": {
                        "type": [
                          "Integer"
                        ],
                        "_likely_types": [
                          [
                            "Integer"
                          ],
                          [
                            "Float"
                          ],
                          [
                            "String"
                          ],
                          [
                            "Phone"
                          ],
                          [
                            "SSN"
                          ]
                        ]
                      },
                      "column6": {
                        "type": [
                          "String"
                        ],
                        "_likely_types": [
                          [
                            "String"
                          ],
                          [
                            "Integer"
                          ],
                          [
                            "Phone"
                          ],
                          [
                            "SSN"
                          ],
                          [
                            "Map"
                          ]
                        ]
                      },
                      "column7": {
                        "type": [
                          "String"
                        ],
                        "_likely_types": [
                          [
                            "String"
                          ],
                          [
                            "Integer"
                          ],
                          [
                            "Phone"
                          ],
                          [
                            "SSN"
                          ],
                          [
                            "Map"
                          ]
                        ]
                      },
                      "column8": {
                        "type": [
                          "String"
                        ],
                        "_likely_types": [
                          [
                            "String"
                          ],
                          [
                            "Integer"
                          ],
                          [
                            "Phone"
                          ],
                          [
                            "SSN"
                          ],
                          [
                            "Map"
                          ]
                        ]
                      },
                      "column9": {
                        "type": [
                          "String"
                        ],
                        "_likely_types": [
                          [
                            "String"
                          ],
                          [
                            "Integer"
                          ],
                          [
                            "Phone"
                          ],
                          [
                            "SSN"
                          ],
                          [
                            "Map"
                          ]
                        ]
                      },
                      "column10": {
                        "type": [
                          "String"
                        ],
                        "_likely_types": [
                          [
                            "String"
                          ],
                          [
                            "Integer"
                          ],
                          [
                            "Phone"
                          ],
                          [
                            "SSN"
                          ],
                          [
                            "Map"
                          ]
                        ]
                      },
                      "column11": {
                        "type": [
                          "String"
                        ],
                        "_likely_types": [
                          [
                            "String"
                          ],
                          [
                            "Integer"
                          ],
                          [
                            "Phone"
                          ],
                          [
                            "SSN"
                          ],
                          [
                            "Map"
                          ]
                        ]
                      },
                      "column12": {
                        "type": [
                          "String"
                        ],
                        "_likely_types": [
                          [
                            "String"
                          ],
                          [
                            "Integer"
                          ],
                          [
                            "Phone"
                          ],
                          [
                            "Map"
                          ],
                          [
                            "Ipaddress"
                          ]
                        ]
                      },
                      "column13": {
                        "type": [
                          "String"
                        ],
                        "_likely_types": [
                          [
                            "String"
                          ],
                          [
                            "Integer"
                          ],
                          [
                            "Phone"
                          ],
                          [
                            "SSN"
                          ],
                          [
                            "Map"
                          ]
                        ]
                      },
                      "column14": {
                        "type": [
                          "String"
                        ],
                        "_likely_types": [
                          [
                            "String"
                          ],
                          [
                            "Integer"
                          ],
                          [
                            "Phone"
                          ],
                          [
                            "SSN"
                          ],
                          [
                            "Map"
                          ]
                        ]
                      },
                      "column15": {
                        "type": [
                          "State"
                        ],
                        "_likely_types": [
                          [
                            "State"
                          ],
                          [
                            "String"
                          ],
                          [
                            "Integer"
                          ],
                          [
                            "Phone"
                          ],
                          [
                            "SSN"
                          ]
                        ]
                      },
                      "column16": {
                        "type": [
                          "Integer"
                        ],
                        "_likely_types": [
                          [
                            "Integer"
                          ],
                          [
                            "Float"
                          ],
                          [
                            "String"
                          ],
                          [
                            "Phone"
                          ],
                          [
                            "SSN"
                          ]
                        ]
                      },
                      "column17": {
                        "type": [
                          "Phone"
                        ],
                        "_likely_types": [
                          [
                            "Phone"
                          ],
                          [
                            "String"
                          ],
                          [
                            "Integer"
                          ],
                          [
                            "SSN"
                          ],
                          [
                            "Map"
                          ]
                        ]
                      },
                      "column18": {
                        "type": [
                          "Emailaddress"
                        ],
                        "_likely_types": [
                          [
                            "Emailaddress"
                          ],
                          [
                            "Url"
                          ],
                          [
                            "String"
                          ],
                          [
                            "Integer"
                          ],
                          [
                            "Phone"
                          ]
                        ]
                      },
                      "column19": {
                        "type": [
                          "String"
                        ],
                        "_likely_types": [
                          [
                            "String"
                          ],
                          [
                            "Integer"
                          ],
                          [
                            "Phone"
                          ],
                          [
                            "SSN"
                          ],
                          [
                            "Map"
                          ]
                        ]
                      },
                      "column20": {
                        "type": [
                          "String"
                        ],
                        "_likely_types": [
                          [
                            "String"
                          ],
                          [
                            "Integer"
                          ],
                          [
                            "Phone"
                          ],
                          [
                            "SSN"
                          ],
                          [
                            "Map"
                          ]
                        ]
                      }
                    }
                  },
                  "kind": "task",
                  "type": "Replace",
                  "parameters": {
                    "with": {
                      "kind": "constant",
                      "type": "String",
                      "value": ""
                    },
                    "col": {
                      "kind": "array",
                      "type": "Array",
                      "value": [
                        {
                          "kind": "column",
                          "type": "Wildcard",
                          "value": "*",
                          "annotations": {
                            "includeLineage": false,
                            "includeFileLineage": false
                          },
                          "relation": null
                        }
                      ]
                    },
                    "type": {
                      "kind": "bundle",
                      "type": "Bundle",
                      "value": "on"
                    },
                    "on": {
                      "kind": "constant",
                      "type": "Pattern",
                      "value": "{start}\"|\"{end}"
                    },
                    "global": {
                      "kind": "constant",
                      "type": "Bool",
                      "value": true
                    }
                  },
                  "outputName": null
                },
                "tableData": null,
                "portId": null,
                "id": 10477984,
                "hash": "b9248319a285663a6ff202dd1019525453d46c07",
                "pbemappingartifacts": [],
                "targetmappingartifacts": [],
                "dependencies": []
              },
              {
                "columnMetadata": null,
                "task": {
                  "annotations": {
                    "outputColumnAnnotations": {
                      "IMSI": {
                        "type": [
                          "Integer"
                        ],
                        "_likely_types": [
                          [
                            "Integer"
                          ],
                          [
                            "Float"
                          ],
                          [
                            "String"
                          ],
                          [
                            "Phone"
                          ],
                          [
                            "SSN"
                          ]
                        ]
                      },
                      "CONTRACT_END": {
                        "type": [
                          "Datetime",
                          "mm-dd-yy",
                          "mm*dd*yy"
                        ],
                        "_likely_types": [
                          [
                            "Datetime",
                            "mm-dd-yy",
                            "mm*dd*yy"
                          ],
                          [
                            "String"
                          ],
                          [
                            "Integer"
                          ],
                          [
                            "Phone"
                          ],
                          [
                            "SSN"
                          ]
                        ]
                      },
                      "CONTRACT_START": {
                        "type": [
                          "Datetime",
                          "mm-dd-yy",
                          "mm*dd*yy"
                        ],
                        "_likely_types": [
                          [
                            "Datetime",
                            "mm-dd-yy",
                            "mm*dd*yy"
                          ],
                          [
                            "String"
                          ],
                          [
                            "Integer"
                          ],
                          [
                            "Phone"
                          ],
                          [
                            "SSN"
                          ]
                        ]
                      },
                      "SUBSCRIBER_AGE": {
                        "type": [
                          "Integer"
                        ],
                        "_likely_types": [
                          [
                            "Integer"
                          ],
                          [
                            "Float"
                          ],
                          [
                            "String"
                          ],
                          [
                            "Phone"
                          ],
                          [
                            "SSN"
                          ]
                        ]
                      },
                      "STATUS": {
                        "type": [
                          "String"
                        ],
                        "_likely_types": [
                          [
                            "String"
                          ],
                          [
                            "Integer"
                          ],
                          [
                            "Phone"
                          ],
                          [
                            "SSN"
                          ],
                          [
                            "Map"
                          ]
                        ]
                      },
                      "WEB_CHAT_ID": {
                        "type": [
                          "String"
                        ],
                        "_likely_types": [
                          [
                            "String"
                          ],
                          [
                            "Integer"
                          ],
                          [
                            "Phone"
                          ],
                          [
                            "SSN"
                          ],
                          [
                            "Map"
                          ]
                        ]
                      },
                      "COUNTRY": {
                        "type": [
                          "String"
                        ],
                        "_likely_types": [
                          [
                            "String"
                          ],
                          [
                            "Integer"
                          ],
                          [
                            "Phone"
                          ],
                          [
                            "SSN"
                          ],
                          [
                            "Map"
                          ]
                        ]
                      },
                      "TITLE": {
                        "type": [
                          "String"
                        ],
                        "_likely_types": [
                          [
                            "String"
                          ],
                          [
                            "Integer"
                          ],
                          [
                            "Phone"
                          ],
                          [
                            "SSN"
                          ],
                          [
                            "Map"
                          ]
                        ]
                      },
                      "FIRST_NAME": {
                        "type": [
                          "String"
                        ],
                        "_likely_types": [
                          [
                            "String"
                          ],
                          [
                            "Integer"
                          ],
                          [
                            "Phone"
                          ],
                          [
                            "SSN"
                          ],
                          [
                            "Map"
                          ]
                        ]
                      },
                      "LAST_NAME": {
                        "type": [
                          "String"
                        ],
                        "_likely_types": [
                          [
                            "String"
                          ],
                          [
                            "Integer"
                          ],
                          [
                            "Phone"
                          ],
                          [
                            "SSN"
                          ],
                          [
                            "Map"
                          ]
                        ]
                      },
                      "SSN": {
                        "type": [
                          "String"
                        ],
                        "_likely_types": [
                          [
                            "String"
                          ],
                          [
                            "Integer"
                          ],
                          [
                            "Phone"
                          ],
                          [
                            "Map"
                          ],
                          [
                            "Ipaddress"
                          ]
                        ]
                      },
                      "ADDRESS": {
                        "type": [
                          "String"
                        ],
                        "_likely_types": [
                          [
                            "String"
                          ],
                          [
                            "Integer"
                          ],
                          [
                            "Phone"
                          ],
                          [
                            "SSN"
                          ],
                          [
                            "Map"
                          ]
                        ]
                      },
                      "CITY": {
                        "type": [
                          "String"
                        ],
                        "_likely_types": [
                          [
                            "String"
                          ],
                          [
                            "Integer"
                          ],
                          [
                            "Phone"
                          ],
                          [
                            "SSN"
                          ],
                          [
                            "Map"
                          ]
                        ]
                      },
                      "STATE": {
                        "type": [
                          "State"
                        ],
                        "_likely_types": [
                          [
                            "State"
                          ],
                          [
                            "String"
                          ],
                          [
                            "Integer"
                          ],
                          [
                            "Phone"
                          ],
                          [
                            "SSN"
                          ]
                        ]
                      },
                      "ZIP": {
                        "type": [
                          "Integer"
                        ],
                        "_likely_types": [
                          [
                            "Integer"
                          ],
                          [
                            "Float"
                          ],
                          [
                            "String"
                          ],
                          [
                            "Phone"
                          ],
                          [
                            "SSN"
                          ]
                        ]
                      },
                      "PHONE": {
                        "type": [
                          "Phone"
                        ],
                        "_likely_types": [
                          [
                            "Phone"
                          ],
                          [
                            "String"
                          ],
                          [
                            "Integer"
                          ],
                          [
                            "SSN"
                          ],
                          [
                            "Map"
                          ]
                        ]
                      },
                      "EMAIL": {
                        "type": [
                          "Emailaddress"
                        ],
                        "_likely_types": [
                          [
                            "Emailaddress"
                          ],
                          [
                            "Url"
                          ],
                          [
                            "String"
                          ],
                          [
                            "Integer"
                          ],
                          [
                            "Phone"
                          ]
                        ]
                      },
                      "TWITTER": {
                        "type": [
                          "String"
                        ],
                        "_likely_types": [
                          [
                            "String"
                          ],
                          [
                            "Integer"
                          ],
                          [
                            "Phone"
                          ],
                          [
                            "SSN"
                          ],
                          [
                            "Map"
                          ]
                        ]
                      },
                      "OCCUPATION": {
                        "type": [
                          "String"
                        ],
                        "_likely_types": [
                          [
                            "String"
                          ],
                          [
                            "Integer"
                          ],
                          [
                            "Phone"
                          ],
                          [
                            "SSN"
                          ],
                          [
                            "Map"
                          ]
                        ]
                      }
                    }
                  },
                  "kind": "task",
                  "type": "Header",
                  "parameters": {
                    "sanitize": {
                      "kind": "constant",
                      "type": "Bool",
                      "value": false
                    },
                    "as": {
                      "kind": "array",
                      "type": "Array",
                      "value": [
                        {
                          "kind": "constant",
                          "type": "String",
                          "value": "IMSI"
                        },
                        {
                          "kind": "constant",
                          "type": "String",
                          "value": "CONTRACT_END"
                        },
                        {
                          "kind": "constant",
                          "type": "String",
                          "value": "CONTRACT_START"
                        },
                        {
                          "kind": "constant",
                          "type": "String",
                          "value": "SUBSCRIBER_AGE"
                        },
                        {
                          "kind": "constant",
                          "type": "String",
                          "value": "STATUS"
                        },
                        {
                          "kind": "constant",
                          "type": "String",
                          "value": "WEB_CHAT_ID"
                        },
                        {
                          "kind": "constant",
                          "type": "String",
                          "value": "COUNTRY"
                        },
                        {
                          "kind": "constant",
                          "type": "String",
                          "value": "TITLE"
                        },
                        {
                          "kind": "constant",
                          "type": "String",
                          "value": "FIRST_NAME"
                        },
                        {
                          "kind": "constant",
                          "type": "String",
                          "value": "LAST_NAME"
                        },
                        {
                          "kind": "constant",
                          "type": "String",
                          "value": "SSN"
                        },
                        {
                          "kind": "constant",
                          "type": "String",
                          "value": "ADDRESS"
                        },
                        {
                          "kind": "constant",
                          "type": "String",
                          "value": "CITY"
                        },
                        {
                          "kind": "constant",
                          "type": "String",
                          "value": "STATE"
                        },
                        {
                          "kind": "constant",
                          "type": "String",
                          "value": "ZIP"
                        },
                        {
                          "kind": "constant",
                          "type": "String",
                          "value": "PHONE"
                        },
                        {
                          "kind": "constant",
                          "type": "String",
                          "value": "EMAIL"
                        },
                        {
                          "kind": "constant",
                          "type": "String",
                          "value": "TWITTER"
                        },
                        {
                          "kind": "constant",
                          "type": "String",
                          "value": "OCCUPATION"
                        }
                      ]
                    }
                  },
                  "outputName": null
                },
                "tableData": {
                  "column2": "IMSI",
                  "column3": "CONTRACT_END",
                  "column4": "CONTRACT_START",
                  "column5": "SUBSCRIBER_AGE",
                  "column6": "STATUS",
                  "column7": "WEB_CHAT_ID",
                  "column8": "COUNTRY",
                  "column9": "TITLE",
                  "column10": "FIRST_NAME",
                  "column11": "LAST_NAME",
                  "column12": "SSN",
                  "column13": "ADDRESS",
                  "column14": "CITY",
                  "column15": "STATE",
                  "column16": "ZIP",
                  "column17": "PHONE",
                  "column18": "EMAIL",
                  "column19": "TWITTER",
                  "column20": "OCCUPATION"
                },
                "portId": null,
                "id": 10477982,
                "hash": "d0d1f78c77560226cd0a79e8af4b90bfde0270e1",
                "pbemappingartifacts": [],
                "targetmappingartifacts": [],
                "dependencies": []
              }
            ],
            "dqScriptRules": []
          },
          {
            "id": 1804168,
            "name": "customer_small",
            "description": null,
            "active": true,
            "nextPortId": 1,
            "steps": [
              {
                "columnMetadata": {
                  "IMSI": {
                    "id": "5aqt47l"
                  },
                  "CONTRACT_END": {
                    "id": "5cc8j2r"
                  },
                  "CONTRACT_START": {
                    "id": "5le7vt6"
                  },
                  "SUBSCRIBER_AGE": {
                    "id": "5uxihfj"
                  },
                  "STATUS": {
                    "id": "4v98hyb"
                  },
                  "WEB_CHAT_ID": {
                    "id": "45ca7hk"
                  },
                  "COUNTRY": {
                    "id": "52lfu1f"
                  },
                  "TITLE": {
                    "id": "564ootd"
                  },
                  "FIRST_NAME": {
                    "id": "4w5ngqv"
                  },
                  "LAST_NAME": {
                    "id": "42wuisz"
                  },
                  "SSN": {
                    "id": "4pd76oj"
                  },
                  "ADDRESS": {
                    "id": "3ofeahx"
                  },
                  "CITY": {
                    "id": "5aqoeig"
                  },
                  "STATE": {
                    "id": "5647b0g"
                  },
                  "ZIP": {
                    "id": "4pd7cb6"
                  },
                  "PHONE": {
                    "id": "561u4op"
                  },
                  "EMAIL": {
                    "id": "55u61rb"
                  },
                  "TWITTER": {
                    "id": "5fhci0i"
                  },
                  "OCCUPATION": {
                    "id": "552fqb8"
                  },
                  "TRIFACTA__FILE_LINEAGE_INFO": {
                    "id": "4xcrjt6"
                  }
                },
                "task": {
                  "annotations": {
                    "hidden": true
                  },
                  "kind": "task",
                  "type": "Load",
                  "parameters": {
                    "format": {
                      "annotations": {},
                      "kind": "func",
                      "type": "FormatBlob",
                      "parameters": {}
                    },
                    "location": {
                      "kind": "constant",
                      "type": "String",
                      "value": "portId://null"
                    },
                    "enableLineage": {
                      "kind": "constant",
                      "type": "Bool",
                      "value": true
                    },
                    "as": {
                      "kind": "array",
                      "type": "Array",
                      "value": [
                        {
                          "kind": "constant",
                          "type": "String",
                          "value": "column1"
                        }
                      ]
                    }
                  },
                  "outputName": "original_datasource_870065"
                },
                "tableData": null,
                "portId": null,
                "id": 10495453,
                "hash": "5b5f78c1f1979196e1965933ec81e4191077fc7e",
                "pbemappingartifacts": [],
                "targetmappingartifacts": [],
                "dependencies": []
              },
              {
                "columnMetadata": {},
                "task": {
                  "annotations": {},
                  "kind": "task",
                  "type": "Comment",
                  "parameters": {
                    "comment": {
                      "kind": "constant",
                      "type": "String",
                      "value": "Calculate frequencies of occupation not null"
                    }
                  },
                  "outputName": null
                },
                "tableData": null,
                "portId": null,
                "id": 10495554,
                "hash": "ea05bf89ba39fb500d558a3b83f42431899cfbfb",
                "pbemappingartifacts": [],
                "targetmappingartifacts": [],
                "dependencies": []
              },
              {
                "columnMetadata": {
                  "Occupation frequency": {
                    "id": "3wcw1bv"
                  }
                },
                "task": {
                  "annotations": {
                    "outputColumnAnnotations": {
                      "Occupation frequency": {
                        "type": [
                          "Integer"
                        ]
                      }
                    }
                  },
                  "kind": "task",
                  "type": "Derive",
                  "parameters": {
                    "type": {
                      "kind": "bundle",
                      "type": "Bundle",
                      "value": "multiple"
                    },
                    "value": {
                      "annotations": {},
                      "kind": "func",
                      "type": "CountIf",
                      "parameters": {
                        "row": {
                          "annotations": {},
                          "kind": "func",
                          "type": "Not",
                          "parameters": {
                            "operand": {
                              "annotations": {},
                              "kind": "func",
                              "type": "IsMissing",
                              "parameters": {
                                "col": {
                                  "kind": "array",
                                  "type": "Array",
                                  "value": [
                                    {
                                      "kind": "column",
                                      "type": "Column",
                                      "value": "OCCUPATION",
                                      "relation": null
                                    }
                                  ]
                                }
                              }
                            }
                          }
                        }
                      }
                    },
                    "group": {
                      "kind": "array",
                      "type": "Array",
                      "value": [
                        {
                          "kind": "column",
                          "type": "Column",
                          "value": "OCCUPATION",
                          "relation": null
                        }
                      ]
                    },
                    "as": {
                      "kind": "constant",
                      "type": "String",
                      "value": "Occupation frequency"
                    }
                  },
                  "outputName": null
                },
                "tableData": null,
                "portId": null,
                "id": 10495494,
                "hash": "c7465cd3784a168593cf1f4f4ed7456b9fea21ad",
                "pbemappingartifacts": [],
                "targetmappingartifacts": [],
                "dependencies": []
              },
              {
                "columnMetadata": {},
                "task": {
                  "annotations": {},
                  "kind": "task",
                  "type": "Comment",
                  "parameters": {
                    "comment": {
                      "kind": "constant",
                      "type": "String",
                      "value": "Get the occupation with the max frequency"
                    }
                  },
                  "outputName": null
                },
                "tableData": null,
                "portId": null,
                "id": 10495557,
                "hash": "9a1fdb868ec7e6aa56ffb8480d1cc90f60d628d4",
                "pbemappingartifacts": [],
                "targetmappingartifacts": [],
                "dependencies": []
              },
              {
                "columnMetadata": {
                  "Most frequent occupation": {
                    "id": "-3jgw7i4"
                  }
                },
                "task": {
                  "annotations": {
                    "outputColumnAnnotations": {
                      "Most frequent occupation": {
                        "type": [
                          "String"
                        ],
                        "_likely_types": [
                          [
                            "String"
                          ],
                          [
                            "Integer"
                          ],
                          [
                            "Phone"
                          ],
                          [
                            "SSN"
                          ],
                          [
                            "Map"
                          ]
                        ]
                      }
                    }
                  },
                  "kind": "task",
                  "type": "Derive",
                  "parameters": {
                    "type": {
                      "kind": "bundle",
                      "type": "Bundle",
                      "value": "single"
                    },
                    "value": {
                      "annotations": {},
                      "kind": "func",
                      "type": "If",
                      "parameters": {
                        "true_expression": {
                          "kind": "column",
                          "type": "Column",
                          "value": "OCCUPATION",
                          "relation": null
                        },
                        "false_expression": {
                          "kind": "constant",
                          "type": "String",
                          "value": ""
                        },
                        "predicate": {
                          "annotations": {
                            "infix": true,
                            "parenthetical": false
                          },
                          "kind": "func",
                          "type": "Equal",
                          "parameters": {
                            "lhs": {
                              "kind": "column",
                              "type": "Column",
                              "value": "Occupation frequency",
                              "relation": null
                            },
                            "rhs": {
                              "annotations": {},
                              "kind": "func",
                              "type": "Max",
                              "parameters": {
                                "col": {
                                  "kind": "column",
                                  "type": "Column",
                                  "value": "Occupation frequency",
                                  "relation": null
                                }
                              }
                            }
                          }
                        }
                      }
                    },
                    "as": {
                      "kind": "constant",
                      "type": "String",
                      "value": "Most frequent occupation"
                    }
                  },
                  "outputName": null
                },
                "tableData": null,
                "portId": null,
                "id": 10495500,
                "hash": "354cd6bd62bc9bd78ba73c4610959eda5df43415",
                "pbemappingartifacts": [],
                "targetmappingartifacts": [],
                "dependencies": []
              },
              {
                "columnMetadata": {},
                "task": {
                  "annotations": {
                    "outputColumnAnnotations": {
                      "Most frequent occupation": {
                        "type": [
                          "String"
                        ],
                        "_likely_types": [
                          [
                            "String"
                          ],
                          [
                            "Integer"
                          ],
                          [
                            "Phone"
                          ],
                          [
                            "SSN"
                          ],
                          [
                            "Map"
                          ]
                        ]
                      }
                    }
                  },
                  "kind": "task",
                  "type": "Set",
                  "parameters": {
                    "col": {
                      "kind": "array",
                      "type": "Array",
                      "value": [
                        {
                          "kind": "column",
                          "type": "Column",
                          "value": "Most frequent occupation",
                          "relation": null
                        }
                      ]
                    },
                    "value": {
                      "annotations": {},
                      "kind": "func",
                      "type": "AnyIf",
                      "parameters": {
                        "col": {
                          "kind": "variable",
                          "type": "Variable",
                          "value": "col"
                        },
                        "row": {
                          "annotations": {},
                          "kind": "func",
                          "type": "Not",
                          "parameters": {
                            "operand": {
                              "annotations": {},
                              "kind": "func",
                              "type": "IsMissing",
                              "parameters": {
                                "col": {
                                  "kind": "array",
                                  "type": "Array",
                                  "value": [
                                    {
                                      "kind": "variable",
                                      "type": "Variable",
                                      "value": "col"
                                    }
                                  ]
                                }
                              }
                            }
                          }
                        }
                      }
                    }
                  },
                  "outputName": null
                },
                "tableData": null,
                "portId": null,
                "id": 10495540,
                "hash": "7f0272565b26a8cd4b2b5d90796c87eeb6d50c74",
                "pbemappingartifacts": [],
                "targetmappingartifacts": [],
                "dependencies": []
              },
              {
                "columnMetadata": {},
                "task": {
                  "annotations": {},
                  "kind": "task",
                  "type": "Comment",
                  "parameters": {
                    "comment": {
                      "kind": "constant",
                      "type": "String",
                      "value": "Replace missing occupation with the most frequent occupation "
                    }
                  },
                  "outputName": null
                },
                "tableData": null,
                "portId": null,
                "id": 10495560,
                "hash": "1dd5dbbf7793cd72e9acc0609323d1824fd43e5c",
                "pbemappingartifacts": [],
                "targetmappingartifacts": [],
                "dependencies": []
              },
              {
                "columnMetadata": {
                  "OCCUPATION": {
                    "id": "-mge51ak"
                  }
                },
                "task": {
                  "annotations": {
                    "outputColumnAnnotations": {
                      "OCCUPATION": {
                        "type": [
                          "String"
                        ],
                        "_likely_types": [
                          [
                            "String"
                          ],
                          [
                            "Integer"
                          ],
                          [
                            "Phone"
                          ],
                          [
                            "SSN"
                          ],
                          [
                            "Map"
                          ]
                        ]
                      }
                    }
                  },
                  "kind": "task",
                  "type": "Set",
                  "parameters": {
                    "col": {
                      "kind": "array",
                      "type": "Array",
                      "value": [
                        {
                          "kind": "column",
                          "type": "Column",
                          "value": "OCCUPATION",
                          "relation": null
                        }
                      ]
                    },
                    "value": {
                      "annotations": {},
                      "kind": "func",
                      "type": "IfMissing",
                      "parameters": {
                        "col": {
                          "kind": "variable",
                          "type": "Variable",
                          "value": "col"
                        },
                        "true_expression": {
                          "kind": "column",
                          "type": "Column",
                          "value": "Most frequent occupation",
                          "relation": null
                        }
                      }
                    }
                  },
                  "outputName": null
                },
                "tableData": null,
                "portId": null,
                "id": 10495549,
                "hash": "762480966c5391c440e95ca02402b8e1af6ae257",
                "pbemappingartifacts": [],
                "targetmappingartifacts": [],
                "dependencies": []
              },
              {
                "columnMetadata": {},
                "task": {
                  "annotations": {},
                  "kind": "task",
                  "type": "Drop",
                  "parameters": {
                    "col": {
                      "kind": "array",
                      "type": "Array",
                      "value": [
                        {
                          "kind": "column",
                          "type": "Column",
                          "value": "Occupation frequency",
                          "relation": null
                        },
                        {
                          "kind": "column",
                          "type": "Column",
                          "value": "Most frequent occupation",
                          "relation": null
                        }
                      ]
                    },
                    "action": {
                      "kind": "enumerable",
                      "type": "Enumerable",
                      "value": "Drop"
                    }
                  },
                  "outputName": null
                },
                "tableData": null,
                "portId": null,
                "id": 10495552,
                "hash": "20ae4715e1649fd7ca3919db6186181748879407",
                "pbemappingartifacts": [],
                "targetmappingartifacts": [],
                "dependencies": []
              }
            ],
            "dqScriptRules": []
          }
        ],
        "outputobjects": [],
        "datasources": [
          {
            "path": "/cjardim@trifacta.com/upload/b4772a45-ab1a-436b-8428-fc7604efa649/customer_small.csv",
            "bucket": "dataprep-staging-592e1ddb-fca8-4085-9d58-86d3fb94cd04",
            "userinfo": null,
            "type": "gs",
            "host": null,
            "isDynamicOrConverted": false,
            "id": 870065,
            "dynamicPath": null,
            "cpProject": "trifacta-content-repository",
            "connectionId": null,
            "isSchematized": true,
            "isDynamic": false,
            "isConverted": false,
            "disableTypeInference": false,
            "hasStructuring": true,
            "parsingScriptId": 1801309,
            "storageLocation": {
              "fullUri": "gs://dataprep-staging-592e1ddb-fca8-4085-9d58-86d3fb94cd04/cjardim@trifacta.com/upload/b4772a45-ab1a-436b-8428-fc7604efa649/customer_small.csv",
              "id": 11847382,
              "path": "/cjardim@trifacta.com/upload/b4772a45-ab1a-436b-8428-fc7604efa649/customer_small.csv",
              "size": 219057,
              "type": "gs",
              "bucket": "dataprep-staging-592e1ddb-fca8-4085-9d58-86d3fb94cd04",
              "blobHost": null,
              "container": null,
              "hash": "4499fd53699c0bdd81963c22ef185d97e58c9321",
              "host": null,
              "userinfo": null
            },
            "runParameters": []
          }
        ],
        "webhookflowtasks": []
      }
    ]
  },
  "hash": "nXjujSHHbxIjWDZuHswPeRq//wiPWZMg"
}