{
  "type": "flow",
  "kind": "artifact",
  "metadata": {
    "trifactaVersion": "7.8.0+94.20201118131723.d38dcee",
    "exportedAt": "2020-11-26T15:54:01.676Z",
    "exportedBy": 120883,
    "uuid": "9a4bd8c0-2fff-11eb-b714-df0ea199dd4a",
    "comment": "",
    "primaryFlowIds": [
      383748
    ],
    "edition": "Dataprep",
    "lastMigration": "20201009121100"
  },
  "data": {
    "artifacts": [],
    "connections": [],
    "flows": [
      {
        "settings": {
          "optimize": "default"
        },
        "id": 383748,
        "name": "Get last day of month for a date",
        "description": "",
        "defaultOutputDir": null,
        "fromExampleFlowHash": null,
        "fromExampleFlowName": null,
        "flownodes": [
          {
            "id": 1951541,
            "scriptId": 1798583,
            "flowNodeId": null,
            "wrangled": true,
            "referenceId": null
          },
          {
            "id": 1951746,
            "scriptId": 1798765,
            "flowNodeId": null,
            "wrangled": false,
            "referenceId": null
          }
        ],
        "notes": [
          {
            "id": 694,
            "content": "Calculate%20the%20last%20day%20of%20the%20month%20on%20a%20given%20date%3A%3Cdiv%3E1%2F%20Calculate%20the%20date%20%2B%201%20month%3C%2Fdiv%3E%3Cdiv%3E2%2F%20Take%20off%201%20day%20of%20first%20day%20of%20month%20found%20inn%20step%201%26nbsp%3B%3C%2Fdiv%3E",
            "flowGraphVertexId": 539941
          }
        ],
        "flowgraphvertices": [
          {
            "id": 535648,
            "objectType": "flownode",
            "objectId": 1951541,
            "x": 183,
            "y": 109
          },
          {
            "id": 535932,
            "objectType": "flownode",
            "objectId": 1951746,
            "x": 20,
            "y": 112
          },
          {
            "id": 539941,
            "objectType": "note",
            "objectId": 694,
            "x": 76,
            "y": 3
          }
        ],
        "flowedges": [
          {
            "id": 1708731,
            "inFlowNodeId": 1951746,
            "inPortId": null,
            "outFlowNodeId": 1951541,
            "outPortId": null
          }
        ],
        "references": [],
        "flowrunparameteroverrides": [],
        "runparameters": [],
        "recipes": [
          {
            "id": 1798583,
            "name": "Last month day",
            "description": null,
            "active": true,
            "nextPortId": 1,
            "steps": [
              {
                "columnMetadata": {
                  "Dates": {
                    "id": "9uuzjy7"
                  },
                  "TRIFACTA__FILE_LINEAGE_INFO": {
                    "id": "axqhexl"
                  }
                },
                "task": {
                  "annotations": {
                    "hidden": true
                  },
                  "kind": "task",
                  "type": "Load",
                  "parameters": {
                    "format": {
                      "annotations": {},
                      "kind": "func",
                      "type": "FormatBlob",
                      "parameters": {}
                    },
                    "location": {
                      "kind": "constant",
                      "type": "String",
                      "value": "portId://null"
                    },
                    "enableLineage": {
                      "kind": "constant",
                      "type": "Bool",
                      "value": true
                    },
                    "as": {
                      "kind": "array",
                      "type": "Array",
                      "value": [
                        {
                          "kind": "constant",
                          "type": "String",
                          "value": "column1"
                        }
                      ]
                    }
                  },
                  "outputName": "original_datasource_866849"
                },
                "tableData": null,
                "portId": null,
                "id": 10461127,
                "hash": "573c7d80100ad276f4fa4500e14c1f55d454ea15",
                "pbemappingartifacts": [],
                "targetmappingartifacts": [],
                "dependencies": []
              },
              {
                "columnMetadata": null,
                "task": {
                  "annotations": {},
                  "kind": "task",
                  "type": "Comment",
                  "parameters": {
                    "comment": {
                      "kind": "constant",
                      "type": "String",
                      "value": "Date plus 1 month"
                    }
                  },
                  "outputName": null
                },
                "tableData": null,
                "portId": null,
                "id": 10582245,
                "hash": "9bf21145966e36d1d0b59ca49d87b4337f411f22",
                "pbemappingartifacts": [],
                "targetmappingartifacts": [],
                "dependencies": []
              },
              {
                "columnMetadata": {
                  "Date plus 1 month": {
                    "id": "2r05fy3"
                  }
                },
                "task": {
                  "annotations": {
                    "outputColumnAnnotations": {
                      "Date plus 1 month": {
                        "type": [
                          "Datetime",
                          "dd-mm-yy",
                          "dd*mm*yyyy"
                        ]
                      }
                    }
                  },
                  "kind": "task",
                  "type": "Derive",
                  "parameters": {
                    "type": {
                      "kind": "bundle",
                      "type": "Bundle",
                      "value": "single"
                    },
                    "value": {
                      "annotations": {},
                      "kind": "func",
                      "type": "DateAdd",
                      "parameters": {
                        "col": {
                          "kind": "column",
                          "type": "Column",
                          "value": "Dates",
                          "relation": null
                        },
                        "delta": {
                          "kind": "constant",
                          "type": "Integer",
                          "value": 1
                        },
                        "measure": {
                          "kind": "enumerable",
                          "type": "Enumerable",
                          "value": "month"
                        }
                      }
                    },
                    "as": {
                      "kind": "constant",
                      "type": "String",
                      "value": "Date plus 1 month"
                    }
                  },
                  "outputName": null
                },
                "tableData": null,
                "portId": null,
                "id": 10582224,
                "hash": "7d5ee5ecbf91dfbf43dca7952390e5bcb4a726a2",
                "pbemappingartifacts": [],
                "targetmappingartifacts": [],
                "dependencies": []
              },
              {
                "columnMetadata": {},
                "task": {
                  "annotations": {},
                  "kind": "task",
                  "type": "Comment",
                  "parameters": {
                    "comment": {
                      "kind": "constant",
                      "type": "String",
                      "value": "First day of next month - 1 day"
                    }
                  },
                  "outputName": null
                },
                "tableData": null,
                "portId": null,
                "id": 10582244,
                "hash": "b8f7b34ede96611bd6a587356dabc7341f206d50",
                "pbemappingartifacts": [],
                "targetmappingartifacts": [],
                "dependencies": []
              },
              {
                "columnMetadata": {
                  "Last day of the month": {
                    "id": "2qtd88d"
                  }
                },
                "task": {
                  "annotations": {
                    "outputColumnAnnotations": {
                      "Last day of the month": {
                        "type": [
                          "Datetime",
                          "yy-mm-dd",
                          "yyyy*mm*dd"
                        ]
                      }
                    }
                  },
                  "kind": "task",
                  "type": "Derive",
                  "parameters": {
                    "type": {
                      "kind": "bundle",
                      "type": "Bundle",
                      "value": "single"
                    },
                    "value": {
                      "annotations": {},
                      "kind": "func",
                      "type": "DateAdd",
                      "parameters": {
                        "col": {
                          "annotations": {},
                          "kind": "func",
                          "type": "Date",
                          "parameters": {
                            "year": {
                              "annotations": {},
                              "kind": "func",
                              "type": "Year",
                              "parameters": {
                                "col": {
                                  "kind": "column",
                                  "type": "Column",
                                  "value": "Date plus 1 month",
                                  "relation": null
                                }
                              }
                            },
                            "month": {
                              "annotations": {},
                              "kind": "func",
                              "type": "Month",
                              "parameters": {
                                "col": {
                                  "kind": "column",
                                  "type": "Column",
                                  "value": "Date plus 1 month",
                                  "relation": null
                                }
                              }
                            },
                            "date": {
                              "kind": "constant",
                              "type": "Integer",
                              "value": 1
                            }
                          }
                        },
                        "delta": {
                          "kind": "constant",
                          "type": "Integer",
                          "value": -1
                        },
                        "measure": {
                          "kind": "enumerable",
                          "type": "Enumerable",
                          "value": "day"
                        }
                      }
                    },
                    "as": {
                      "kind": "constant",
                      "type": "String",
                      "value": "Last day of the month"
                    }
                  },
                  "outputName": null
                },
                "tableData": null,
                "portId": null,
                "id": 10582230,
                "hash": "1b4fba1a8b0e839a39977b94c85fd304be144825",
                "pbemappingartifacts": [],
                "targetmappingartifacts": [],
                "dependencies": []
              },
              {
                "columnMetadata": {},
                "task": {
                  "annotations": {
                    "outputColumnAnnotations": {}
                  },
                  "kind": "task",
                  "type": "DateFormat",
                  "parameters": {
                    "col": {
                      "kind": "array",
                      "type": "Array",
                      "value": [
                        {
                          "kind": "column",
                          "type": "Column",
                          "value": "Date plus 1 month",
                          "relation": null
                        }
                      ]
                    },
                    "type": {
                      "kind": "bundle",
                      "type": "Bundle",
                      "value": "ddmmcommondate"
                    }
                  },
                  "outputName": null
                },
                "tableData": null,
                "portId": null,
                "id": 10582225,
                "hash": "79f533fcb442450b4457b6558c950093d8b780b0",
                "pbemappingartifacts": [],
                "targetmappingartifacts": [],
                "dependencies": []
              },
              {
                "columnMetadata": {},
                "task": {
                  "annotations": {},
                  "kind": "task",
                  "type": "Drop",
                  "parameters": {
                    "col": {
                      "kind": "array",
                      "type": "Array",
                      "value": [
                        {
                          "kind": "column",
                          "type": "Column",
                          "value": "Date plus 1 month",
                          "relation": null
                        }
                      ]
                    },
                    "action": {
                      "kind": "enumerable",
                      "type": "Enumerable",
                      "value": "Drop"
                    }
                  },
                  "outputName": null
                },
                "tableData": null,
                "portId": null,
                "id": 10582231,
                "hash": "5717cfc9470c2a3d05032683676011d93013d974",
                "pbemappingartifacts": [],
                "targetmappingartifacts": [],
                "dependencies": []
              }
            ],
            "dqScriptRules": []
          },
          {
            "id": 1798765,
            "name": "Dates.csv",
            "description": null,
            "active": true,
            "nextPortId": 1,
            "steps": [
              {
                "columnMetadata": null,
                "task": {
                  "annotations": {
                    "hidden": true
                  },
                  "kind": "task",
                  "type": "Load",
                  "parameters": {
                    "format": {
                      "annotations": {},
                      "kind": "func",
                      "type": "FormatBlob",
                      "parameters": {}
                    },
                    "location": {
                      "kind": "constant",
                      "type": "String",
                      "value": "id://869656"
                    },
                    "enableLineage": {
                      "kind": "constant",
                      "type": "Bool",
                      "value": true
                    },
                    "as": {
                      "kind": "array",
                      "type": "Array",
                      "value": [
                        {
                          "kind": "constant",
                          "type": "String",
                          "value": "column1"
                        }
                      ]
                    }
                  },
                  "outputName": "original_datasource_869656"
                },
                "tableData": null,
                "portId": null,
                "id": 10462093,
                "hash": "fe36aa1946f8a7b157a3fa0af4064232503d3961",
                "pbemappingartifacts": [],
                "targetmappingartifacts": [],
                "dependencies": []
              },
              {
                "columnMetadata": null,
                "task": {
                  "annotations": {
                    "outputColumnAnnotations": {
                      "column1": {
                        "type": [
                          "Datetime",
                          "dd-mm-yy",
                          "dd*mm*yyyy"
                        ],
                        "_likely_types": [
                          [
                            "Datetime",
                            "dd-mm-yy",
                            "dd*mm*yyyy"
                          ],
                          [
                            "String"
                          ],
                          [
                            "Integer"
                          ],
                          [
                            "Phone"
                          ],
                          [
                            "SSN"
                          ]
                        ]
                      }
                    }
                  },
                  "kind": "task",
                  "type": "SplitRows",
                  "parameters": {
                    "on": {
                      "kind": "constant",
                      "type": "String",
                      "value": "\n"
                    },
                    "col": {
                      "kind": "column",
                      "type": "Column",
                      "value": "column1",
                      "relation": null
                    }
                  },
                  "outputName": null
                },
                "tableData": null,
                "portId": null,
                "id": 10462095,
                "hash": "e2ad82d6a51195bb9fd7c501155e547cd14fa2ff",
                "pbemappingartifacts": [],
                "targetmappingartifacts": [],
                "dependencies": []
              },
              {
                "columnMetadata": null,
                "task": {
                  "annotations": {
                    "outputColumnAnnotations": {
                      "Dates": {
                        "type": [
                          "Datetime",
                          "dd-mm-yy",
                          "dd*mm*yyyy"
                        ],
                        "_likely_types": [
                          [
                            "Datetime",
                            "dd-mm-yy",
                            "dd*mm*yyyy"
                          ],
                          [
                            "String"
                          ],
                          [
                            "Integer"
                          ],
                          [
                            "Phone"
                          ],
                          [
                            "SSN"
                          ]
                        ]
                      }
                    }
                  },
                  "kind": "task",
                  "type": "Header",
                  "parameters": {
                    "sanitize": {
                      "kind": "constant",
                      "type": "Bool",
                      "value": false
                    },
                    "as": {
                      "kind": "array",
                      "type": "Array",
                      "value": [
                        {
                          "kind": "constant",
                          "type": "String",
                          "value": "Dates"
                        }
                      ]
                    }
                  },
                  "outputName": null
                },
                "tableData": {
                  "column1": "Dates"
                },
                "portId": null,
                "id": 10462094,
                "hash": "6b7101d2560f8d3af499226979dd58a209aa4f66",
                "pbemappingartifacts": [],
                "targetmappingartifacts": [],
                "dependencies": []
              }
            ],
            "dqScriptRules": []
          }
        ],
        "outputobjects": [],
        "datasources": [
          {
            "path": "/cjardim@trifacta.com/upload/e82d507e-5379-49f7-8c91-b851a5e68142/Dates.csv",
            "bucket": "dataprep-staging-592e1ddb-fca8-4085-9d58-86d3fb94cd04",
            "userinfo": null,
            "type": "gs",
            "host": null,
            "isDynamicOrConverted": false,
            "id": 869656,
            "dynamicPath": null,
            "cpProject": "trifacta-content-repository",
            "connectionId": null,
            "isSchematized": true,
            "isDynamic": false,
            "isConverted": false,
            "disableTypeInference": false,
            "hasStructuring": true,
            "parsingScriptId": 1798765,
            "storageLocation": {
              "fullUri": "gs://dataprep-staging-592e1ddb-fca8-4085-9d58-86d3fb94cd04/cjardim@trifacta.com/upload/e82d507e-5379-49f7-8c91-b851a5e68142/Dates.csv",
              "id": 11847079,
              "path": "/cjardim@trifacta.com/upload/e82d507e-5379-49f7-8c91-b851a5e68142/Dates.csv",
              "size": 885,
              "type": "gs",
              "bucket": "dataprep-staging-592e1ddb-fca8-4085-9d58-86d3fb94cd04",
              "blobHost": null,
              "container": null,
              "hash": "eb06853cb4745207df6e2982f998c1cf343dfb66",
              "host": null,
              "userinfo": null
            },
            "runParameters": []
          }
        ],
        "webhookflowtasks": []
      }
    ]
  },
  "hash": "bi/HDMZGqdjAc2noiw1Z4gN26Eai82Nm"
}