{
  "type": "flow",
  "kind": "artifact",
  "metadata": {
    "trifactaVersion": "7.8.0+94.20201118131723.d38dcee",
    "exportedAt": "2020-11-26T17:08:59.334Z",
    "exportedBy": 120883,
    "uuid": "131bfe60-300a-11eb-aa36-031ac9146512",
    "comment": "",
    "primaryFlowIds": [
      385404
    ],
    "edition": "Dataprep",
    "lastMigration": "20201009121100"
  },
  "data": {
    "artifacts": [],
    "connections": [],
    "flows": [
      {
        "settings": {
          "optimize": "default"
        },
        "id": 385404,
        "name": "Time Series - Set value at higher level with last value found at lower level",
        "description": "Set value at higher level (second) with last value found at lower level (millisecond)",
        "defaultOutputDir": null,
        "fromExampleFlowHash": null,
        "fromExampleFlowName": null,
        "flownodes": [
          {
            "id": 1979343,
            "scriptId": 1823275,
            "flowNodeId": null,
            "wrangled": false,
            "referenceId": null
          },
          {
            "id": 1979344,
            "scriptId": 1823276,
            "flowNodeId": null,
            "wrangled": true,
            "referenceId": null
          }
        ],
        "notes": [
          {
            "id": 707,
            "content": "From%20a%20Time%20Series%20dataset%20with%20millisecond%20granularity%2C%20we%20want%20to%20set%20values%20at%20second%20level%20with%20the%20last%20value%20found%20at%20millisecond%20level%20%3A%3Cdiv%3E1%2F%20Convert%20the%20unix%20time%20format%20in%202%20readable%20datetime%20formats%20with%20seconds%20and%20milliseconds%3C%2Fdiv%3E%3Cdiv%3E2%2F%20By%20time%20at%20second%20level%2C%20create%20list%20of%20all%20values%20found%20at%20millisecond%20level%3C%2Fdiv%3E%3Cdiv%3E3%2F%20From%20the%20previous%20list%2C%20get%20the%20last%20value%20found%3C%2Fdiv%3E%3Cdiv%3E4%2F%20Group%20by%20time%20at%20second%20level%20with%20value%20found%20at%20previous%20step%3C%2Fdiv%3E%3Cdiv%3E%3Cbr%3E%3C%2Fdiv%3E",
            "flowGraphVertexId": 574837
          }
        ],
        "flowgraphvertices": [
          {
            "id": 574759,
            "objectType": "flownode",
            "objectId": 1979343,
            "x": 2,
            "y": 185
          },
          {
            "id": 574760,
            "objectType": "flownode",
            "objectId": 1979344,
            "x": 189,
            "y": 185
          },
          {
            "id": 574837,
            "objectType": "note",
            "objectId": 707,
            "x": 59,
            "y": 58
          }
        ],
        "flowedges": [
          {
            "id": 1734069,
            "inFlowNodeId": 1979343,
            "inPortId": null,
            "outFlowNodeId": 1979344,
            "outPortId": null
          }
        ],
        "references": [],
        "flowrunparameteroverrides": [],
        "runparameters": [],
        "recipes": [
          {
            "id": 1823275,
            "name": "TimeSeries.csv",
            "description": null,
            "active": true,
            "nextPortId": 1,
            "steps": [
              {
                "columnMetadata": null,
                "task": {
                  "annotations": {
                    "hidden": true
                  },
                  "kind": "task",
                  "type": "Load",
                  "parameters": {
                    "format": {
                      "annotations": {},
                      "kind": "func",
                      "type": "FormatBlob",
                      "parameters": {}
                    },
                    "location": {
                      "kind": "constant",
                      "type": "String",
                      "value": "id://873784"
                    },
                    "enableLineage": {
                      "kind": "constant",
                      "type": "Bool",
                      "value": true
                    },
                    "as": {
                      "kind": "array",
                      "type": "Array",
                      "value": [
                        {
                          "kind": "constant",
                          "type": "String",
                          "value": "column1"
                        }
                      ]
                    }
                  },
                  "outputName": "original_datasource_873784"
                },
                "tableData": null,
                "portId": null,
                "id": 10614053,
                "hash": "e66beedff2ecd17d01709dd77de8ac30985098a6",
                "pbemappingartifacts": [],
                "targetmappingartifacts": [],
                "dependencies": []
              },
              {
                "columnMetadata": null,
                "task": {
                  "annotations": {
                    "outputColumnAnnotations": {
                      "column1": {
                        "type": [
                          "String"
                        ],
                        "_likely_types": [
                          [
                            "String"
                          ],
                          [
                            "Integer"
                          ],
                          [
                            "Phone"
                          ],
                          [
                            "SSN"
                          ],
                          [
                            "Map"
                          ]
                        ]
                      }
                    }
                  },
                  "kind": "task",
                  "type": "SplitRows",
                  "parameters": {
                    "on": {
                      "kind": "constant",
                      "type": "String",
                      "value": "\n"
                    },
                    "col": {
                      "kind": "column",
                      "type": "Column",
                      "value": "column1",
                      "relation": null
                    },
                    "quote": {
                      "kind": "constant",
                      "type": "String",
                      "value": "\""
                    },
                    "quoteEscapeChar": {
                      "kind": "constant",
                      "type": "String",
                      "value": "\""
                    }
                  },
                  "outputName": null
                },
                "tableData": null,
                "portId": null,
                "id": 10614055,
                "hash": "5e0dbcfc803cc40c01c0298ba18470aabb16ab81",
                "pbemappingartifacts": [],
                "targetmappingartifacts": [],
                "dependencies": []
              },
              {
                "columnMetadata": null,
                "task": {
                  "annotations": {
                    "outputColumnAnnotations": {
                      "column2": {
                        "type": [
                          "String"
                        ],
                        "_likely_types": [
                          [
                            "String"
                          ],
                          [
                            "Integer"
                          ],
                          [
                            "Phone"
                          ],
                          [
                            "SSN"
                          ],
                          [
                            "Map"
                          ]
                        ]
                      },
                      "column3": {
                        "type": [
                          "String"
                        ],
                        "_likely_types": [
                          [
                            "String"
                          ],
                          [
                            "Integer"
                          ],
                          [
                            "Phone"
                          ],
                          [
                            "SSN"
                          ],
                          [
                            "Map"
                          ]
                        ]
                      }
                    }
                  },
                  "kind": "task",
                  "type": "Split",
                  "parameters": {
                    "col": {
                      "kind": "column",
                      "type": "Column",
                      "value": "column1",
                      "relation": null
                    },
                    "type": {
                      "kind": "bundle",
                      "type": "Bundle",
                      "value": "on"
                    },
                    "on": {
                      "kind": "constant",
                      "type": "String",
                      "value": ","
                    },
                    "quote": {
                      "kind": "constant",
                      "type": "String",
                      "value": "\""
                    },
                    "as": {
                      "kind": "array",
                      "type": "Array",
                      "value": [
                        {
                          "kind": "constant",
                          "type": "String",
                          "value": "column2"
                        },
                        {
                          "kind": "constant",
                          "type": "String",
                          "value": "column3"
                        }
                      ]
                    }
                  },
                  "outputName": null
                },
                "tableData": null,
                "portId": null,
                "id": 10614054,
                "hash": "0451827f103183ffa3787046a6648ae899a5cea7",
                "pbemappingartifacts": [],
                "targetmappingartifacts": [],
                "dependencies": []
              },
              {
                "columnMetadata": null,
                "task": {
                  "annotations": {
                    "outputColumnAnnotations": {
                      "column2": {
                        "type": [
                          "String"
                        ],
                        "_likely_types": [
                          [
                            "String"
                          ],
                          [
                            "Integer"
                          ],
                          [
                            "Phone"
                          ],
                          [
                            "SSN"
                          ],
                          [
                            "Map"
                          ]
                        ]
                      },
                      "column3": {
                        "type": [
                          "String"
                        ],
                        "_likely_types": [
                          [
                            "String"
                          ],
                          [
                            "Integer"
                          ],
                          [
                            "Phone"
                          ],
                          [
                            "SSN"
                          ],
                          [
                            "Map"
                          ]
                        ]
                      }
                    }
                  },
                  "kind": "task",
                  "type": "Replace",
                  "parameters": {
                    "with": {
                      "kind": "constant",
                      "type": "String",
                      "value": "\""
                    },
                    "col": {
                      "kind": "array",
                      "type": "Array",
                      "value": [
                        {
                          "kind": "column",
                          "type": "Wildcard",
                          "value": "*",
                          "annotations": {
                            "includeLineage": false,
                            "includeFileLineage": false
                          },
                          "relation": null
                        }
                      ]
                    },
                    "type": {
                      "kind": "bundle",
                      "type": "Bundle",
                      "value": "on"
                    },
                    "on": {
                      "kind": "constant",
                      "type": "String",
                      "value": "\"\""
                    },
                    "global": {
                      "kind": "constant",
                      "type": "Bool",
                      "value": true
                    }
                  },
                  "outputName": null
                },
                "tableData": null,
                "portId": null,
                "id": 10614056,
                "hash": "2dc1a9b781786a56a14ec09897d2324c32774831",
                "pbemappingartifacts": [],
                "targetmappingartifacts": [],
                "dependencies": []
              },
              {
                "columnMetadata": null,
                "task": {
                  "annotations": {
                    "outputColumnAnnotations": {
                      "column2": {
                        "type": [
                          "Integer"
                        ],
                        "_likely_types": [
                          [
                            "Integer"
                          ],
                          [
                            "Float"
                          ],
                          [
                            "String"
                          ],
                          [
                            "Phone"
                          ],
                          [
                            "SSN"
                          ]
                        ]
                      },
                      "column3": {
                        "type": [
                          "Float"
                        ],
                        "_likely_types": [
                          [
                            "Float"
                          ],
                          [
                            "String"
                          ],
                          [
                            "Integer"
                          ],
                          [
                            "Phone"
                          ],
                          [
                            "SSN"
                          ]
                        ]
                      }
                    }
                  },
                  "kind": "task",
                  "type": "Replace",
                  "parameters": {
                    "with": {
                      "kind": "constant",
                      "type": "String",
                      "value": ""
                    },
                    "col": {
                      "kind": "array",
                      "type": "Array",
                      "value": [
                        {
                          "kind": "column",
                          "type": "Wildcard",
                          "value": "*",
                          "annotations": {
                            "includeLineage": false,
                            "includeFileLineage": false
                          },
                          "relation": null
                        }
                      ]
                    },
                    "type": {
                      "kind": "bundle",
                      "type": "Bundle",
                      "value": "on"
                    },
                    "on": {
                      "kind": "constant",
                      "type": "Pattern",
                      "value": "{start}\"|\"{end}"
                    },
                    "global": {
                      "kind": "constant",
                      "type": "Bool",
                      "value": true
                    }
                  },
                  "outputName": null
                },
                "tableData": null,
                "portId": null,
                "id": 10614057,
                "hash": "893aee208bb083d7cdd76421869e1226e646424d",
                "pbemappingartifacts": [],
                "targetmappingartifacts": [],
                "dependencies": []
              },
              {
                "columnMetadata": null,
                "task": {
                  "annotations": {
                    "outputColumnAnnotations": {
                      "Timestamp": {
                        "type": [
                          "Integer"
                        ],
                        "_likely_types": [
                          [
                            "Integer"
                          ],
                          [
                            "Float"
                          ],
                          [
                            "String"
                          ],
                          [
                            "Phone"
                          ],
                          [
                            "SSN"
                          ]
                        ]
                      },
                      "Measure": {
                        "type": [
                          "Float"
                        ],
                        "_likely_types": [
                          [
                            "Float"
                          ],
                          [
                            "String"
                          ],
                          [
                            "Integer"
                          ],
                          [
                            "Phone"
                          ],
                          [
                            "SSN"
                          ]
                        ]
                      }
                    }
                  },
                  "kind": "task",
                  "type": "Header",
                  "parameters": {
                    "sanitize": {
                      "kind": "constant",
                      "type": "Bool",
                      "value": false
                    },
                    "as": {
                      "kind": "array",
                      "type": "Array",
                      "value": [
                        {
                          "kind": "constant",
                          "type": "String",
                          "value": "Timestamp"
                        },
                        {
                          "kind": "constant",
                          "type": "String",
                          "value": "Measure"
                        }
                      ]
                    }
                  },
                  "outputName": null
                },
                "tableData": {
                  "column2": "Timestamp",
                  "column3": "Measure"
                },
                "portId": null,
                "id": 10614058,
                "hash": "3ed01a5c596b34cb5c8f4d354fddb6c72e0117fa",
                "pbemappingartifacts": [],
                "targetmappingartifacts": [],
                "dependencies": []
              }
            ],
            "dqScriptRules": []
          },
          {
            "id": 1823276,
            "name": "Set value at second level",
            "description": null,
            "active": true,
            "nextPortId": 1,
            "steps": [
              {
                "columnMetadata": {
                  "Timestamp": {
                    "id": "-1wd9gea"
                  },
                  "Measure": {
                    "id": "kiws70"
                  },
                  "TRIFACTA__FILE_LINEAGE_INFO": {
                    "id": "3y7zcdx"
                  }
                },
                "task": {
                  "annotations": {
                    "hidden": true
                  },
                  "kind": "task",
                  "type": "Load",
                  "parameters": {
                    "format": {
                      "annotations": {},
                      "kind": "func",
                      "type": "FormatBlob",
                      "parameters": {}
                    },
                    "location": {
                      "kind": "constant",
                      "type": "String",
                      "value": "portId://null"
                    },
                    "enableLineage": {
                      "kind": "constant",
                      "type": "Bool",
                      "value": true
                    },
                    "as": {
                      "kind": "array",
                      "type": "Array",
                      "value": [
                        {
                          "kind": "constant",
                          "type": "String",
                          "value": "column1"
                        }
                      ]
                    }
                  },
                  "outputName": "original_datasource_873784"
                },
                "tableData": null,
                "portId": null,
                "id": 10614059,
                "hash": "88b42958d89fd0335f088178cf40076be00ed759",
                "pbemappingartifacts": [],
                "targetmappingartifacts": [],
                "dependencies": []
              },
              {
                "columnMetadata": {},
                "task": {
                  "annotations": {},
                  "kind": "task",
                  "type": "Comment",
                  "parameters": {
                    "comment": {
                      "kind": "constant",
                      "type": "String",
                      "value": "Format time to get time at millisecond and second levels"
                    }
                  },
                  "outputName": null
                },
                "tableData": null,
                "portId": null,
                "id": 10614231,
                "hash": "6497fbe243ca5628e4be8e18b24adc3c5c4c2b10",
                "pbemappingartifacts": [],
                "targetmappingartifacts": [],
                "dependencies": []
              },
              {
                "columnMetadata": {
                  "Initial Time (millisecond)": {
                    "id": "bttl064"
                  }
                },
                "task": {
                  "annotations": {
                    "outputColumnAnnotations": {
                      "Initial Time (millisecond)": {
                        "type": [
                          "Datetime",
                          "yy-mm-dd hh:mm:ss",
                          "yyyy*mm*dd*HH:MM:SS.sss"
                        ]
                      }
                    }
                  },
                  "kind": "task",
                  "type": "Derive",
                  "parameters": {
                    "type": {
                      "kind": "bundle",
                      "type": "Bundle",
                      "value": "single"
                    },
                    "value": {
                      "annotations": {},
                      "kind": "func",
                      "type": "UnixTimeFormat",
                      "parameters": {
                        "col": {
                          "kind": "column",
                          "type": "Column",
                          "value": "Timestamp",
                          "relation": null
                        },
                        "format": {
                          "kind": "constant",
                          "type": "String",
                          "value": "yyyy-MM-dd HH:mm:ss:SSS"
                        }
                      }
                    },
                    "as": {
                      "kind": "constant",
                      "type": "String",
                      "value": "Initial Time (millisecond)"
                    }
                  },
                  "outputName": null
                },
                "tableData": null,
                "portId": null,
                "id": 10614223,
                "hash": "525cd9920a7240961e4cf9b011e9c0cf541cca6d",
                "pbemappingartifacts": [],
                "targetmappingartifacts": [],
                "dependencies": []
              },
              {
                "columnMetadata": {
                  "Truncated Time (second)": {
                    "id": "2v4ceda"
                  }
                },
                "task": {
                  "annotations": {
                    "outputColumnAnnotations": {
                      "Truncated Time (second)": {
                        "type": [
                          "Datetime",
                          "yy-mm-dd hh:mm:ss",
                          "yyyy*mm*dd*HH:MM:SS"
                        ]
                      }
                    }
                  },
                  "kind": "task",
                  "type": "Derive",
                  "parameters": {
                    "type": {
                      "kind": "bundle",
                      "type": "Bundle",
                      "value": "single"
                    },
                    "value": {
                      "annotations": {},
                      "kind": "func",
                      "type": "UnixTimeFormat",
                      "parameters": {
                        "col": {
                          "kind": "column",
                          "type": "Column",
                          "value": "Timestamp",
                          "relation": null
                        },
                        "format": {
                          "kind": "constant",
                          "type": "String",
                          "value": "yyyy-MM-dd HH:mm:ss"
                        }
                      }
                    },
                    "as": {
                      "kind": "constant",
                      "type": "String",
                      "value": "Truncated Time (second)"
                    }
                  },
                  "outputName": null
                },
                "tableData": null,
                "portId": null,
                "id": 10614215,
                "hash": "ce9e8380e8f680c2c556c92cfe435afa51843098",
                "pbemappingartifacts": [],
                "targetmappingartifacts": [],
                "dependencies": []
              },
              {
                "columnMetadata": {},
                "task": {
                  "annotations": {},
                  "kind": "task",
                  "type": "Comment",
                  "parameters": {
                    "comment": {
                      "kind": "constant",
                      "type": "String",
                      "value": "Get list of values within the second level"
                    }
                  },
                  "outputName": null
                },
                "tableData": null,
                "portId": null,
                "id": 10614239,
                "hash": "5d806234d76911da37bd16a4688b7fab709f9078",
                "pbemappingartifacts": [],
                "targetmappingartifacts": [],
                "dependencies": []
              },
              {
                "columnMetadata": {
                  "List Measure in same second": {
                    "id": "-7j7ers3"
                  }
                },
                "task": {
                  "annotations": {
                    "outputColumnAnnotations": {
                      "List Measure in same second": {
                        "type": [
                          "Array"
                        ]
                      }
                    }
                  },
                  "kind": "task",
                  "type": "Derive",
                  "parameters": {
                    "type": {
                      "kind": "bundle",
                      "type": "Bundle",
                      "value": "multiple"
                    },
                    "value": {
                      "annotations": {},
                      "kind": "func",
                      "type": "ListIf",
                      "parameters": {
                        "limit": {
                          "kind": "constant",
                          "type": "Integer",
                          "value": 100
                        },
                        "col": {
                          "kind": "column",
                          "type": "Column",
                          "value": "Measure",
                          "relation": null
                        },
                        "row": {
                          "annotations": {
                            "infix": true,
                            "parenthetical": false
                          },
                          "kind": "func",
                          "type": "GreaterThan",
                          "parameters": {
                            "lhs": {
                              "kind": "column",
                              "type": "Column",
                              "value": "Measure",
                              "relation": null
                            },
                            "rhs": {
                              "kind": "constant",
                              "type": "Integer",
                              "value": 0
                            }
                          }
                        }
                      }
                    },
                    "group": {
                      "kind": "array",
                      "type": "Array",
                      "value": [
                        {
                          "kind": "column",
                          "type": "Column",
                          "value": "Truncated Time (second)",
                          "relation": null
                        }
                      ]
                    },
                    "as": {
                      "kind": "constant",
                      "type": "String",
                      "value": "List Measure in same second"
                    }
                  },
                  "outputName": null
                },
                "tableData": null,
                "portId": null,
                "id": 10614216,
                "hash": "b5ea4145939d783376542467c345b008d068de93",
                "pbemappingartifacts": [],
                "targetmappingartifacts": [],
                "dependencies": []
              },
              {
                "columnMetadata": {},
                "task": {
                  "annotations": {},
                  "kind": "task",
                  "type": "Comment",
                  "parameters": {
                    "comment": {
                      "kind": "constant",
                      "type": "String",
                      "value": "Get last value found in the second"
                    }
                  },
                  "outputName": null
                },
                "tableData": null,
                "portId": null,
                "id": 10614247,
                "hash": "5912f156839412fa86cb4b575a6a0601ba3f6cc8",
                "pbemappingartifacts": [],
                "targetmappingartifacts": [],
                "dependencies": []
              },
              {
                "columnMetadata": {
                  "-1": {
                    "id": "8vhjt4e"
                  }
                },
                "task": {
                  "annotations": {
                    "outputColumnAnnotations": {
                      "-1": {
                        "type": [
                          "Float"
                        ],
                        "_likely_types": [
                          [
                            "Float"
                          ],
                          [
                            "String"
                          ],
                          [
                            "Integer"
                          ],
                          [
                            "Phone"
                          ],
                          [
                            "SSN"
                          ]
                        ]
                      }
                    }
                  },
                  "kind": "task",
                  "type": "Unnest",
                  "parameters": {
                    "pluck": {
                      "kind": "constant",
                      "type": "Bool",
                      "value": false
                    },
                    "markLineage": {
                      "kind": "constant",
                      "type": "Bool",
                      "value": false
                    },
                    "col": {
                      "kind": "column",
                      "type": "Column",
                      "value": "List Measure in same second",
                      "relation": null
                    },
                    "keys": {
                      "kind": "array",
                      "type": "Array",
                      "value": [
                        {
                          "kind": "constant",
                          "type": "String",
                          "value": "[-1]"
                        }
                      ]
                    },
                    "as": {
                      "kind": "array",
                      "type": "Array",
                      "value": [
                        {
                          "kind": "constant",
                          "type": "String",
                          "value": "-1"
                        }
                      ]
                    }
                  },
                  "outputName": null
                },
                "tableData": null,
                "portId": null,
                "id": 10614158,
                "hash": "40acf2d0af4e40c4a9b5649d1f8de17fe748710f",
                "pbemappingartifacts": [],
                "targetmappingartifacts": [],
                "dependencies": []
              },
              {
                "columnMetadata": {},
                "task": {
                  "annotations": {},
                  "kind": "task",
                  "type": "Comment",
                  "parameters": {
                    "comment": {
                      "kind": "constant",
                      "type": "String",
                      "value": "Group by second"
                    }
                  },
                  "outputName": null
                },
                "tableData": null,
                "portId": null,
                "id": 10614250,
                "hash": "6d07265c90c874728d4e76f7f860fa040d473e62",
                "pbemappingartifacts": [],
                "targetmappingartifacts": [],
                "dependencies": []
              },
              {
                "columnMetadata": {
                  "any_-1": {
                    "id": "-8i7bq67"
                  }
                },
                "task": {
                  "annotations": {
                    "outputColumnAnnotations": {
                      "any_-1": {
                        "type": [
                          "Float"
                        ],
                        "_likely_types": [
                          [
                            "Float"
                          ],
                          [
                            "String"
                          ],
                          [
                            "Integer"
                          ],
                          [
                            "Phone"
                          ],
                          [
                            "SSN"
                          ]
                        ]
                      }
                    }
                  },
                  "kind": "task",
                  "type": "GroupBy",
                  "parameters": {
                    "type": {
                      "kind": "enumerable",
                      "type": "Enumerable",
                      "value": "agg"
                    },
                    "group": {
                      "kind": "array",
                      "type": "Array",
                      "value": [
                        {
                          "kind": "column",
                          "type": "Column",
                          "value": "Truncated Time (second)",
                          "relation": null
                        }
                      ]
                    },
                    "value": {
                      "kind": "array",
                      "type": "Array",
                      "value": [
                        {
                          "annotations": {},
                          "kind": "func",
                          "type": "Any",
                          "parameters": {
                            "col": {
                              "kind": "column",
                              "type": "Column",
                              "value": "-1",
                              "relation": null
                            }
                          },
                          "as": [
                            "any_-1"
                          ]
                        }
                      ]
                    },
                    "as": {
                      "kind": "array",
                      "type": "Array",
                      "value": [
                        {
                          "kind": "constant",
                          "type": "String",
                          "value": "any_-1"
                        }
                      ]
                    }
                  },
                  "outputName": null
                },
                "tableData": null,
                "portId": null,
                "id": 10614217,
                "hash": "3b1dcb8104b06948091973741923f8b42f587c0a",
                "pbemappingartifacts": [],
                "targetmappingartifacts": [],
                "dependencies": []
              },
              {
                "columnMetadata": {},
                "task": {
                  "annotations": {},
                  "kind": "task",
                  "type": "Rename",
                  "parameters": {
                    "type": {
                      "kind": "bundle",
                      "type": "Bundle",
                      "value": "manual"
                    },
                    "mapping": {
                      "kind": "matrix",
                      "type": "Matrix",
                      "value": [
                        {
                          "kind": "array",
                          "type": "Array",
                          "value": [
                            {
                              "kind": "column",
                              "type": "Column",
                              "value": "any_-1",
                              "relation": null
                            },
                            {
                              "kind": "constant",
                              "type": "String",
                              "value": "Last value at second level"
                            }
                          ]
                        }
                      ]
                    }
                  },
                  "outputName": null
                },
                "tableData": null,
                "portId": null,
                "id": 10614211,
                "hash": "b8d42136d316d1fbba8c3994bd492b073bf4f68a",
                "pbemappingartifacts": [],
                "targetmappingartifacts": [],
                "dependencies": []
              }
            ],
            "dqScriptRules": []
          }
        ],
        "outputobjects": [],
        "datasources": [
          {
            "path": "/cjardim@trifacta.com/upload/ee2ed59c-8c53-4af1-b3cb-2efa2e369b63/TimeSeries.csv",
            "bucket": "dataprep-staging-592e1ddb-fca8-4085-9d58-86d3fb94cd04",
            "userinfo": null,
            "type": "gs",
            "host": null,
            "isDynamicOrConverted": false,
            "id": 873784,
            "dynamicPath": null,
            "cpProject": "trifacta-content-repository",
            "connectionId": null,
            "isSchematized": true,
            "isDynamic": false,
            "isConverted": false,
            "disableTypeInference": false,
            "hasStructuring": true,
            "parsingScriptId": 1823275,
            "storageLocation": {
              "fullUri": "gs://dataprep-staging-592e1ddb-fca8-4085-9d58-86d3fb94cd04/cjardim@trifacta.com/upload/ee2ed59c-8c53-4af1-b3cb-2efa2e369b63/TimeSeries.csv",
              "id": 11853848,
              "path": "/cjardim@trifacta.com/upload/ee2ed59c-8c53-4af1-b3cb-2efa2e369b63/TimeSeries.csv",
              "size": 3330,
              "type": "gs",
              "bucket": "dataprep-staging-592e1ddb-fca8-4085-9d58-86d3fb94cd04",
              "blobHost": null,
              "container": null,
              "hash": "182ccc11ba75d3f13998711853fbc69ba8d49d9f",
              "host": null,
              "userinfo": null
            },
            "runParameters": []
          }
        ],
        "webhookflowtasks": []
      }
    ]
  },
  "hash": "ayKQ4fevrKoI0UlrqVLlEOL+c17GXBqQ"
}