{
  "type": "flow",
  "kind": "artifact",
  "metadata": {
    "trifactaVersion": "7.8.0+94.20201118131723.d38dcee",
    "exportedAt": "2020-11-26T15:08:53.124Z",
    "exportedBy": 120883,
    "uuid": "4bdf9c40-2ff9-11eb-b1dd-f19da78bac8f",
    "comment": "",
    "primaryFlowIds": [
      385054
    ],
    "edition": "Dataprep",
    "lastMigration": "20201009121100"
  },
  "data": {
    "artifacts": [],
    "connections": [],
    "flows": [
      {
        "settings": {
          "optimize": "default"
        },
        "id": 385054,
        "name": "Transpose Excel crosstab with multiple categories in rows and columns",
        "description": "",
        "defaultOutputDir": null,
        "fromExampleFlowHash": null,
        "fromExampleFlowName": null,
        "flownodes": [
          {
            "id": 1973485,
            "scriptId": 1818069,
            "flowNodeId": null,
            "wrangled": false,
            "referenceId": null
          },
          {
            "id": 1973487,
            "scriptId": 1818071,
            "flowNodeId": null,
            "wrangled": true,
            "referenceId": null
          }
        ],
        "notes": [
          {
            "id": 701,
            "content": "Working%20with%20Excel%20files%2C%20you%20often%20get%20data%20in%20crosstab%20format%2C%20but%20you%20need%20to%20transpose%20it%20with%201%20value%20per%20row%20for%20analytics%20tool.%3Cdiv%3E%3Cbr%3E%3C%2Fdiv%3E%3Cdiv%3EEasy%20to%20do%20that%20in%20Trifacta%20with%20multiple%20steps%3A%3C%2Fdiv%3E%3Cdiv%3E1%2F%20Remove%20default%20structure%20found%20by%20Trifacta%20to%20get%20flexibility%20on%20column%20rename%3C%2Fdiv%3E%3Cdiv%3E2%2F%20Keep%20all%20default%20rows%20and%20columns%20split%3C%2Fdiv%3E%3Cdiv%3E3%2F%20Rename%20columns%20based%20on%20values%20from%20the%202%20first%20rows%3C%2Fdiv%3E%3Cdiv%3E4%2F%20Unpivot%20all%20your%20columns%20containing%20values%3C%2Fdiv%3E%3Cdiv%3E5%2F%20Split%20the%20column%20containing%20initial%20categories%20merged%3C%2Fdiv%3E%3Cdiv%3E%3Cbr%3E%3C%2Fdiv%3E",
            "flowGraphVertexId": 566521
          }
        ],
        "flowgraphvertices": [
          {
            "id": 566506,
            "objectType": "flownode",
            "objectId": 1973485,
            "x": 36,
            "y": 256
          },
          {
            "id": 566510,
            "objectType": "flownode",
            "objectId": 1973487,
            "x": 298,
            "y": 256
          },
          {
            "id": 566521,
            "objectType": "note",
            "objectId": 701,
            "x": 50,
            "y": 50
          }
        ],
        "flowedges": [
          {
            "id": 1728663,
            "inFlowNodeId": 1973485,
            "inPortId": null,
            "outFlowNodeId": 1973487,
            "outPortId": null
          }
        ],
        "references": [],
        "flowrunparameteroverrides": [],
        "runparameters": [],
        "recipes": [
          {
            "id": 1818069,
            "name": "Excel_Crosstab.xlsx/Feuil1",
            "description": null,
            "active": true,
            "nextPortId": 1,
            "steps": [
              {
                "columnMetadata": null,
                "task": {
                  "annotations": {
                    "hidden": true
                  },
                  "kind": "task",
                  "type": "Load",
                  "parameters": {
                    "format": {
                      "annotations": {},
                      "kind": "func",
                      "type": "FormatBlob",
                      "parameters": {}
                    },
                    "location": {
                      "kind": "constant",
                      "type": "String",
                      "value": "id://872899"
                    },
                    "enableLineage": {
                      "kind": "constant",
                      "type": "Bool",
                      "value": true
                    },
                    "as": {
                      "kind": "array",
                      "type": "Array",
                      "value": [
                        {
                          "kind": "constant",
                          "type": "String",
                          "value": "column1"
                        }
                      ]
                    }
                  },
                  "outputName": "original_datasource_872899"
                },
                "tableData": null,
                "portId": null,
                "id": 10581677,
                "hash": "5e8a623280bf94b1f8b4f2953e2dd1147da41744",
                "pbemappingartifacts": [],
                "targetmappingartifacts": [],
                "dependencies": []
              }
            ],
            "dqScriptRules": []
          },
          {
            "id": 1818071,
            "name": "Data transposed",
            "description": null,
            "active": true,
            "nextPortId": 1,
            "steps": [
              {
                "columnMetadata": {
                  "column1": {
                    "id": "9r563lb"
                  }
                },
                "task": {
                  "annotations": {
                    "hidden": true
                  },
                  "kind": "task",
                  "type": "Load",
                  "parameters": {
                    "format": {
                      "annotations": {},
                      "kind": "func",
                      "type": "FormatBlob",
                      "parameters": {}
                    },
                    "location": {
                      "kind": "constant",
                      "type": "String",
                      "value": "portId://null"
                    },
                    "enableLineage": {
                      "kind": "constant",
                      "type": "Bool",
                      "value": true
                    },
                    "as": {
                      "kind": "array",
                      "type": "Array",
                      "value": [
                        {
                          "kind": "constant",
                          "type": "String",
                          "value": "column1"
                        }
                      ]
                    }
                  },
                  "outputName": "original_datasource_872899"
                },
                "tableData": null,
                "portId": null,
                "id": 10581694,
                "hash": "0b4d95d4c1b5c07c4d44b91d9a2c40c07181e6ba",
                "pbemappingartifacts": [],
                "targetmappingartifacts": [],
                "dependencies": []
              },
              {
                "columnMetadata": {
                  "TRIFACTA__FILE_LINEAGE_INFO": {
                    "id": "2oedt3q"
                  },
                  "TRIFACTA__LINEAGE_INFO": {
                    "id": "muzdpz"
                  }
                },
                "task": {
                  "annotations": {
                    "outputColumnAnnotations": {
                      "column1": {
                        "type": [
                          "String"
                        ],
                        "_likely_types": [
                          [
                            "String"
                          ],
                          [
                            "Integer"
                          ],
                          [
                            "Phone"
                          ],
                          [
                            "SSN"
                          ],
                          [
                            "Map"
                          ]
                        ]
                      }
                    }
                  },
                  "kind": "task",
                  "type": "SplitRows",
                  "parameters": {
                    "on": {
                      "kind": "constant",
                      "type": "String",
                      "value": "\n"
                    },
                    "col": {
                      "kind": "column",
                      "type": "Column",
                      "value": "column1",
                      "relation": null
                    },
                    "quote": {
                      "kind": "constant",
                      "type": "String",
                      "value": "\""
                    },
                    "quoteEscapeChar": {
                      "kind": "constant",
                      "type": "String",
                      "value": "\""
                    }
                  },
                  "outputName": null
                },
                "tableData": null,
                "portId": null,
                "id": 10581695,
                "hash": "5e0dbcfc803cc40c01c0298ba18470aabb16ab81",
                "pbemappingartifacts": [],
                "targetmappingartifacts": [],
                "dependencies": []
              },
              {
                "columnMetadata": {},
                "task": {
                  "annotations": {},
                  "kind": "task",
                  "type": "Comment",
                  "parameters": {
                    "comment": {
                      "kind": "constant",
                      "type": "String",
                      "value": "Split columns and clean double quote"
                    }
                  },
                  "outputName": null
                },
                "tableData": null,
                "portId": null,
                "id": 10581726,
                "hash": "cfe2a7c041b7072a7bd870b47f1ac90c7733ee9e",
                "pbemappingartifacts": [],
                "targetmappingartifacts": [],
                "dependencies": []
              },
              {
                "columnMetadata": {
                  "column2": {
                    "id": "5ap3vwi"
                  },
                  "column3": {
                    "id": "5ap3vwj"
                  },
                  "column4": {
                    "id": "5ap3vwk"
                  },
                  "column5": {
                    "id": "5ap3vwl"
                  },
                  "column6": {
                    "id": "5ap3vwm"
                  },
                  "column7": {
                    "id": "5ap3vwn"
                  },
                  "column8": {
                    "id": "5ap3vwo"
                  },
                  "column9": {
                    "id": "5ap3vwp"
                  },
                  "column10": {
                    "id": "54cvixd"
                  },
                  "column11": {
                    "id": "54cvixe"
                  },
                  "column12": {
                    "id": "54cvixf"
                  },
                  "column13": {
                    "id": "54cvixg"
                  },
                  "column14": {
                    "id": "54cvixh"
                  },
                  "column15": {
                    "id": "54cvixi"
                  }
                },
                "task": {
                  "annotations": {
                    "outputColumnAnnotations": {
                      "column2": {
                        "type": [
                          "String"
                        ],
                        "_likely_types": [
                          [
                            "String"
                          ],
                          [
                            "Integer"
                          ],
                          [
                            "Phone"
                          ],
                          [
                            "SSN"
                          ],
                          [
                            "Map"
                          ]
                        ]
                      },
                      "column3": {
                        "type": [
                          "String"
                        ],
                        "_likely_types": [
                          [
                            "String"
                          ],
                          [
                            "Integer"
                          ],
                          [
                            "Phone"
                          ],
                          [
                            "SSN"
                          ],
                          [
                            "Map"
                          ]
                        ]
                      },
                      "column4": {
                        "type": [
                          "String"
                        ],
                        "_likely_types": [
                          [
                            "String"
                          ],
                          [
                            "Integer"
                          ],
                          [
                            "Phone"
                          ],
                          [
                            "SSN"
                          ],
                          [
                            "Map"
                          ]
                        ]
                      },
                      "column5": {
                        "type": [
                          "String"
                        ],
                        "_likely_types": [
                          [
                            "String"
                          ],
                          [
                            "Integer"
                          ],
                          [
                            "Phone"
                          ],
                          [
                            "SSN"
                          ],
                          [
                            "Map"
                          ]
                        ]
                      },
                      "column6": {
                        "type": [
                          "String"
                        ],
                        "_likely_types": [
                          [
                            "String"
                          ],
                          [
                            "Integer"
                          ],
                          [
                            "Phone"
                          ],
                          [
                            "SSN"
                          ],
                          [
                            "Map"
                          ]
                        ]
                      },
                      "column7": {
                        "type": [
                          "String"
                        ],
                        "_likely_types": [
                          [
                            "String"
                          ],
                          [
                            "Integer"
                          ],
                          [
                            "Phone"
                          ],
                          [
                            "SSN"
                          ],
                          [
                            "Map"
                          ]
                        ]
                      },
                      "column8": {
                        "type": [
                          "String"
                        ],
                        "_likely_types": [
                          [
                            "String"
                          ],
                          [
                            "Integer"
                          ],
                          [
                            "Phone"
                          ],
                          [
                            "SSN"
                          ],
                          [
                            "Map"
                          ]
                        ]
                      },
                      "column9": {
                        "type": [
                          "String"
                        ],
                        "_likely_types": [
                          [
                            "String"
                          ],
                          [
                            "Integer"
                          ],
                          [
                            "Phone"
                          ],
                          [
                            "SSN"
                          ],
                          [
                            "Map"
                          ]
                        ]
                      },
                      "column10": {
                        "type": [
                          "String"
                        ],
                        "_likely_types": [
                          [
                            "String"
                          ],
                          [
                            "Integer"
                          ],
                          [
                            "Phone"
                          ],
                          [
                            "SSN"
                          ],
                          [
                            "Map"
                          ]
                        ]
                      },
                      "column11": {
                        "type": [
                          "String"
                        ],
                        "_likely_types": [
                          [
                            "String"
                          ],
                          [
                            "Integer"
                          ],
                          [
                            "Phone"
                          ],
                          [
                            "SSN"
                          ],
                          [
                            "Map"
                          ]
                        ]
                      },
                      "column12": {
                        "type": [
                          "String"
                        ],
                        "_likely_types": [
                          [
                            "String"
                          ],
                          [
                            "Integer"
                          ],
                          [
                            "Phone"
                          ],
                          [
                            "SSN"
                          ],
                          [
                            "Map"
                          ]
                        ]
                      },
                      "column13": {
                        "type": [
                          "String"
                        ],
                        "_likely_types": [
                          [
                            "String"
                          ],
                          [
                            "Integer"
                          ],
                          [
                            "Phone"
                          ],
                          [
                            "SSN"
                          ],
                          [
                            "Map"
                          ]
                        ]
                      },
                      "column14": {
                        "type": [
                          "String"
                        ],
                        "_likely_types": [
                          [
                            "String"
                          ],
                          [
                            "Integer"
                          ],
                          [
                            "Phone"
                          ],
                          [
                            "SSN"
                          ],
                          [
                            "Map"
                          ]
                        ]
                      },
                      "column15": {
                        "type": [
                          "String"
                        ],
                        "_likely_types": [
                          [
                            "String"
                          ],
                          [
                            "Integer"
                          ],
                          [
                            "Phone"
                          ],
                          [
                            "SSN"
                          ],
                          [
                            "Map"
                          ]
                        ]
                      }
                    }
                  },
                  "kind": "task",
                  "type": "Split",
                  "parameters": {
                    "col": {
                      "kind": "column",
                      "type": "Column",
                      "value": "column1",
                      "relation": null
                    },
                    "type": {
                      "kind": "bundle",
                      "type": "Bundle",
                      "value": "on"
                    },
                    "on": {
                      "kind": "constant",
                      "type": "String",
                      "value": ","
                    },
                    "limit": {
                      "kind": "constant",
                      "type": "Integer",
                      "value": 13
                    },
                    "quote": {
                      "kind": "constant",
                      "type": "String",
                      "value": "\""
                    },
                    "as": {
                      "kind": "array",
                      "type": "Array",
                      "value": [
                        {
                          "kind": "constant",
                          "type": "String",
                          "value": "column2"
                        },
                        {
                          "kind": "constant",
                          "type": "String",
                          "value": "column3"
                        },
                        {
                          "kind": "constant",
                          "type": "String",
                          "value": "column4"
                        },
                        {
                          "kind": "constant",
                          "type": "String",
                          "value": "column5"
                        },
                        {
                          "kind": "constant",
                          "type": "String",
                          "value": "column6"
                        },
                        {
                          "kind": "constant",
                          "type": "String",
                          "value": "column7"
                        },
                        {
                          "kind": "constant",
                          "type": "String",
                          "value": "column8"
                        },
                        {
                          "kind": "constant",
                          "type": "String",
                          "value": "column9"
                        },
                        {
                          "kind": "constant",
                          "type": "String",
                          "value": "column10"
                        },
                        {
                          "kind": "constant",
                          "type": "String",
                          "value": "column11"
                        },
                        {
                          "kind": "constant",
                          "type": "String",
                          "value": "column12"
                        },
                        {
                          "kind": "constant",
                          "type": "String",
                          "value": "column13"
                        },
                        {
                          "kind": "constant",
                          "type": "String",
                          "value": "column14"
                        },
                        {
                          "kind": "constant",
                          "type": "String",
                          "value": "column15"
                        }
                      ]
                    }
                  },
                  "outputName": null
                },
                "tableData": null,
                "portId": null,
                "id": 10581696,
                "hash": "d299ba528cbb631c61bfd5fc4d6adc4c729590ab",
                "pbemappingartifacts": [],
                "targetmappingartifacts": [],
                "dependencies": []
              },
              {
                "columnMetadata": {},
                "task": {
                  "annotations": {
                    "outputColumnAnnotations": {
                      "column2": {
                        "type": [
                          "String"
                        ],
                        "_likely_types": [
                          [
                            "String"
                          ],
                          [
                            "Integer"
                          ],
                          [
                            "Phone"
                          ],
                          [
                            "SSN"
                          ],
                          [
                            "Map"
                          ]
                        ]
                      },
                      "column3": {
                        "type": [
                          "String"
                        ],
                        "_likely_types": [
                          [
                            "String"
                          ],
                          [
                            "Integer"
                          ],
                          [
                            "Phone"
                          ],
                          [
                            "SSN"
                          ],
                          [
                            "Map"
                          ]
                        ]
                      },
                      "column4": {
                        "type": [
                          "Integer"
                        ],
                        "_likely_types": [
                          [
                            "Integer"
                          ],
                          [
                            "Float"
                          ],
                          [
                            "String"
                          ],
                          [
                            "Phone"
                          ],
                          [
                            "SSN"
                          ]
                        ]
                      },
                      "column5": {
                        "type": [
                          "Integer"
                        ],
                        "_likely_types": [
                          [
                            "Integer"
                          ],
                          [
                            "Float"
                          ],
                          [
                            "String"
                          ],
                          [
                            "Phone"
                          ],
                          [
                            "SSN"
                          ]
                        ]
                      },
                      "column6": {
                        "type": [
                          "Integer"
                        ],
                        "_likely_types": [
                          [
                            "Integer"
                          ],
                          [
                            "Float"
                          ],
                          [
                            "String"
                          ],
                          [
                            "Phone"
                          ],
                          [
                            "SSN"
                          ]
                        ]
                      },
                      "column7": {
                        "type": [
                          "Integer"
                        ],
                        "_likely_types": [
                          [
                            "Integer"
                          ],
                          [
                            "Float"
                          ],
                          [
                            "String"
                          ],
                          [
                            "Phone"
                          ],
                          [
                            "SSN"
                          ]
                        ]
                      },
                      "column8": {
                        "type": [
                          "Integer"
                        ],
                        "_likely_types": [
                          [
                            "Integer"
                          ],
                          [
                            "Float"
                          ],
                          [
                            "String"
                          ],
                          [
                            "Phone"
                          ],
                          [
                            "SSN"
                          ]
                        ]
                      },
                      "column9": {
                        "type": [
                          "Integer"
                        ],
                        "_likely_types": [
                          [
                            "Integer"
                          ],
                          [
                            "Float"
                          ],
                          [
                            "String"
                          ],
                          [
                            "Phone"
                          ],
                          [
                            "SSN"
                          ]
                        ]
                      },
                      "column10": {
                        "type": [
                          "Integer"
                        ],
                        "_likely_types": [
                          [
                            "Integer"
                          ],
                          [
                            "Float"
                          ],
                          [
                            "String"
                          ],
                          [
                            "Phone"
                          ],
                          [
                            "SSN"
                          ]
                        ]
                      },
                      "column11": {
                        "type": [
                          "Integer"
                        ],
                        "_likely_types": [
                          [
                            "Integer"
                          ],
                          [
                            "Float"
                          ],
                          [
                            "String"
                          ],
                          [
                            "Phone"
                          ],
                          [
                            "SSN"
                          ]
                        ]
                      },
                      "column12": {
                        "type": [
                          "Integer"
                        ],
                        "_likely_types": [
                          [
                            "Integer"
                          ],
                          [
                            "Float"
                          ],
                          [
                            "String"
                          ],
                          [
                            "Phone"
                          ],
                          [
                            "SSN"
                          ]
                        ]
                      },
                      "column13": {
                        "type": [
                          "Integer"
                        ],
                        "_likely_types": [
                          [
                            "Integer"
                          ],
                          [
                            "Float"
                          ],
                          [
                            "String"
                          ],
                          [
                            "Phone"
                          ],
                          [
                            "SSN"
                          ]
                        ]
                      },
                      "column14": {
                        "type": [
                          "Integer"
                        ],
                        "_likely_types": [
                          [
                            "Integer"
                          ],
                          [
                            "Float"
                          ],
                          [
                            "String"
                          ],
                          [
                            "Phone"
                          ],
                          [
                            "SSN"
                          ]
                        ]
                      },
                      "column15": {
                        "type": [
                          "Integer"
                        ],
                        "_likely_types": [
                          [
                            "Integer"
                          ],
                          [
                            "Float"
                          ],
                          [
                            "String"
                          ],
                          [
                            "Phone"
                          ],
                          [
                            "SSN"
                          ]
                        ]
                      }
                    }
                  },
                  "kind": "task",
                  "type": "ReplacePatterns",
                  "parameters": {
                    "with": {
                      "kind": "constant",
                      "type": "String",
                      "value": ""
                    },
                    "col": {
                      "kind": "array",
                      "type": "Array",
                      "value": [
                        {
                          "kind": "column",
                          "type": "Wildcard",
                          "value": "*",
                          "annotations": {
                            "includeLineage": false,
                            "includeFileLineage": false
                          },
                          "relation": null
                        }
                      ]
                    },
                    "on": {
                      "kind": "constant",
                      "type": "Pattern",
                      "value": "\""
                    },
                    "ignoreCase": {
                      "kind": "constant",
                      "type": "Bool",
                      "value": false
                    },
                    "global": {
                      "kind": "constant",
                      "type": "Bool",
                      "value": true
                    }
                  },
                  "outputName": null
                },
                "tableData": null,
                "portId": null,
                "id": 10581731,
                "hash": "3d9b24f9a1de2476bc9719d9d469ce923a0b0676",
                "pbemappingartifacts": [],
                "targetmappingartifacts": [],
                "dependencies": []
              },
              {
                "columnMetadata": {},
                "task": {
                  "annotations": {},
                  "kind": "task",
                  "type": "Comment",
                  "parameters": {
                    "comment": {
                      "kind": "constant",
                      "type": "String",
                      "value": "Rename columns with the 3 first rows"
                    }
                  },
                  "outputName": null
                },
                "tableData": null,
                "portId": null,
                "id": 10581732,
                "hash": "b8bd8fba4a8945da8139f228dd5df61ba1504349",
                "pbemappingartifacts": [],
                "targetmappingartifacts": [],
                "dependencies": []
              },
              {
                "columnMetadata": {},
                "task": {
                  "annotations": {
                    "outputColumnAnnotations": {
                      "column2": {
                        "type": [
                          "String"
                        ]
                      },
                      "column3": {
                        "type": [
                          "String"
                        ]
                      },
                      "ACTUAL-PERIODIC-1/1/2020": {
                        "type": [
                          "Integer"
                        ]
                      },
                      "ACTUAL-PERIODIC-2/1/2020": {
                        "type": [
                          "Integer"
                        ]
                      },
                      "ACTUAL-PERIODIC-3/1/2020": {
                        "type": [
                          "Integer"
                        ]
                      },
                      "ACTUAL-YTD-1/1/2020": {
                        "type": [
                          "Integer"
                        ]
                      },
                      "ACTUAL-YTD-2/1/2020": {
                        "type": [
                          "Integer"
                        ]
                      },
                      "ACTUAL-YTD-3/1/2020": {
                        "type": [
                          "Integer"
                        ]
                      },
                      "BUDGET-PERIODIC-1/1/2020": {
                        "type": [
                          "Integer"
                        ]
                      },
                      "BUDGET-PERIODIC-2/1/2020": {
                        "type": [
                          "Integer"
                        ]
                      },
                      "BUDGET-PERIODIC-3/1/2020": {
                        "type": [
                          "Integer"
                        ]
                      },
                      "BUDGET-YTD-1/1/2020": {
                        "type": [
                          "Integer"
                        ]
                      },
                      "BUDGET-YTD-2/1/2020": {
                        "type": [
                          "Integer"
                        ]
                      },
                      "BUDGET-YTD-3/1/2020": {
                        "type": [
                          "Integer"
                        ]
                      }
                    }
                  },
                  "kind": "task",
                  "type": "Rename",
                  "parameters": {
                    "type": {
                      "kind": "bundle",
                      "type": "Bundle",
                      "value": "header"
                    },
                    "method": {
                      "kind": "bundle",
                      "type": "Bundle",
                      "value": "multi"
                    },
                    "sourcerownumbers": {
                      "kind": "array",
                      "type": "Array",
                      "value": [
                        {
                          "kind": "constant",
                          "type": "Integer",
                          "value": 1
                        },
                        {
                          "kind": "constant",
                          "type": "Integer",
                          "value": 2
                        },
                        {
                          "kind": "constant",
                          "type": "Integer",
                          "value": 3
                        }
                      ]
                    },
                    "separator": {
                      "kind": "constant",
                      "type": "String",
                      "value": "-"
                    },
                    "filltype": {
                      "kind": "constant",
                      "type": "Bool",
                      "value": true
                    },
                    "sanitize": {
                      "kind": "constant",
                      "type": "Bool",
                      "value": false
                    },
                    "as": {
                      "kind": "array",
                      "type": "Array",
                      "value": [
                        {
                          "kind": "constant",
                          "type": "String",
                          "value": "column2"
                        },
                        {
                          "kind": "constant",
                          "type": "String",
                          "value": "column3"
                        },
                        {
                          "kind": "constant",
                          "type": "String",
                          "value": "ACTUAL-PERIODIC-1/1/2020"
                        },
                        {
                          "kind": "constant",
                          "type": "String",
                          "value": "ACTUAL-PERIODIC-2/1/2020"
                        },
                        {
                          "kind": "constant",
                          "type": "String",
                          "value": "ACTUAL-PERIODIC-3/1/2020"
                        },
                        {
                          "kind": "constant",
                          "type": "String",
                          "value": "ACTUAL-YTD-1/1/2020"
                        },
                        {
                          "kind": "constant",
                          "type": "String",
                          "value": "ACTUAL-YTD-2/1/2020"
                        },
                        {
                          "kind": "constant",
                          "type": "String",
                          "value": "ACTUAL-YTD-3/1/2020"
                        },
                        {
                          "kind": "constant",
                          "type": "String",
                          "value": "BUDGET-PERIODIC-1/1/2020"
                        },
                        {
                          "kind": "constant",
                          "type": "String",
                          "value": "BUDGET-PERIODIC-2/1/2020"
                        },
                        {
                          "kind": "constant",
                          "type": "String",
                          "value": "BUDGET-PERIODIC-3/1/2020"
                        },
                        {
                          "kind": "constant",
                          "type": "String",
                          "value": "BUDGET-YTD-1/1/2020"
                        },
                        {
                          "kind": "constant",
                          "type": "String",
                          "value": "BUDGET-YTD-2/1/2020"
                        },
                        {
                          "kind": "constant",
                          "type": "String",
                          "value": "BUDGET-YTD-3/1/2020"
                        }
                      ]
                    }
                  },
                  "outputName": null
                },
                "tableData": {
                  "column2": "",
                  "column3": "",
                  "column4": "ACTUAL-PERIODIC-1/1/2020",
                  "column5": "ACTUAL-PERIODIC-2/1/2020",
                  "column6": "ACTUAL-PERIODIC-3/1/2020",
                  "column7": "ACTUAL-YTD-1/1/2020",
                  "column8": "ACTUAL-YTD-2/1/2020",
                  "column9": "ACTUAL-YTD-3/1/2020",
                  "column10": "BUDGET-PERIODIC-1/1/2020",
                  "column11": "BUDGET-PERIODIC-2/1/2020",
                  "column12": "BUDGET-PERIODIC-3/1/2020",
                  "column13": "BUDGET-YTD-1/1/2020",
                  "column14": "BUDGET-YTD-2/1/2020",
                  "column15": "BUDGET-YTD-3/1/2020"
                },
                "portId": null,
                "id": 10581703,
                "hash": "3fc145ba7c07e4fa60535e18e647076e7f0f50c2",
                "pbemappingartifacts": [],
                "targetmappingartifacts": [],
                "dependencies": []
              },
              {
                "columnMetadata": {},
                "task": {
                  "annotations": {},
                  "kind": "task",
                  "type": "Rename",
                  "parameters": {
                    "type": {
                      "kind": "bundle",
                      "type": "Bundle",
                      "value": "manual"
                    },
                    "mapping": {
                      "kind": "matrix",
                      "type": "Matrix",
                      "value": [
                        {
                          "kind": "array",
                          "type": "Array",
                          "value": [
                            {
                              "kind": "column",
                              "type": "Column",
                              "value": "column2",
                              "relation": null
                            },
                            {
                              "kind": "constant",
                              "type": "String",
                              "value": "OFFER"
                            }
                          ]
                        }
                      ]
                    }
                  },
                  "outputName": null
                },
                "tableData": null,
                "portId": null,
                "id": 10581704,
                "hash": "5c05af195c7ac55aff976973fd2fc3f727630c71",
                "pbemappingartifacts": [],
                "targetmappingartifacts": [],
                "dependencies": []
              },
              {
                "columnMetadata": {},
                "task": {
                  "annotations": {},
                  "kind": "task",
                  "type": "Rename",
                  "parameters": {
                    "type": {
                      "kind": "bundle",
                      "type": "Bundle",
                      "value": "manual"
                    },
                    "mapping": {
                      "kind": "matrix",
                      "type": "Matrix",
                      "value": [
                        {
                          "kind": "array",
                          "type": "Array",
                          "value": [
                            {
                              "kind": "column",
                              "type": "Column",
                              "value": "column3",
                              "relation": null
                            },
                            {
                              "kind": "constant",
                              "type": "String",
                              "value": "KPI"
                            }
                          ]
                        }
                      ]
                    }
                  },
                  "outputName": null
                },
                "tableData": null,
                "portId": null,
                "id": 10581705,
                "hash": "5120c695f2cd94389b129267d3c316cbf03cd5de",
                "pbemappingartifacts": [],
                "targetmappingartifacts": [],
                "dependencies": []
              },
              {
                "columnMetadata": {},
                "task": {
                  "annotations": {},
                  "kind": "task",
                  "type": "Comment",
                  "parameters": {
                    "comment": {
                      "kind": "constant",
                      "type": "String",
                      "value": "Unpivot all columns except OFFER AND KPI"
                    }
                  },
                  "outputName": null
                },
                "tableData": null,
                "portId": null,
                "id": 10581736,
                "hash": "bdf3d48c01bcc506d14a274ee040ef129795f338",
                "pbemappingartifacts": [],
                "targetmappingartifacts": [],
                "dependencies": []
              },
              {
                "columnMetadata": {
                  "key": {
                    "id": "avh4vaa"
                  },
                  "value": {
                    "id": "bk8louu"
                  }
                },
                "task": {
                  "annotations": {
                    "outputColumnAnnotations": {
                      "key": {
                        "type": [
                          "String"
                        ],
                        "_likely_types": [
                          [
                            "String"
                          ],
                          [
                            "Integer"
                          ],
                          [
                            "Phone"
                          ],
                          [
                            "SSN"
                          ],
                          [
                            "Map"
                          ]
                        ]
                      },
                      "value": {
                        "type": [
                          "Integer"
                        ],
                        "_likely_types": [
                          [
                            "Integer"
                          ],
                          [
                            "Float"
                          ],
                          [
                            "String"
                          ],
                          [
                            "Phone"
                          ],
                          [
                            "SSN"
                          ]
                        ]
                      }
                    }
                  },
                  "kind": "task",
                  "type": "Unpivot",
                  "parameters": {
                    "groupEvery": {
                      "kind": "constant",
                      "type": "Integer",
                      "value": 1
                    },
                    "col": {
                      "kind": "array",
                      "type": "Array",
                      "value": [
                        {
                          "kind": "column",
                          "type": "ColumnRange",
                          "value": [
                            "ACTUAL-PERIODIC-1/1/2020",
                            "BUDGET-YTD-3/1/2020"
                          ],
                          "annotations": {
                            "includeLineage": true
                          }
                        }
                      ]
                    },
                    "as": {
                      "kind": "array",
                      "type": "Array",
                      "value": [
                        {
                          "kind": "constant",
                          "type": "String",
                          "value": "key"
                        },
                        {
                          "kind": "constant",
                          "type": "String",
                          "value": "value"
                        }
                      ]
                    }
                  },
                  "outputName": null
                },
                "tableData": null,
                "portId": null,
                "id": 10581706,
                "hash": "21c57e06bf21021ee6d57ef61dbcb4b6ce69cd67",
                "pbemappingartifacts": [],
                "targetmappingartifacts": [],
                "dependencies": []
              },
              {
                "columnMetadata": {},
                "task": {
                  "annotations": {},
                  "kind": "task",
                  "type": "Comment",
                  "parameters": {
                    "comment": {
                      "kind": "constant",
                      "type": "String",
                      "value": "Split columns name to get categories"
                    }
                  },
                  "outputName": null
                },
                "tableData": null,
                "portId": null,
                "id": 10581740,
                "hash": "e5e5f81f1d37a326c98aeb49ce3460f610e5d042",
                "pbemappingartifacts": [],
                "targetmappingartifacts": [],
                "dependencies": []
              },
              {
                "columnMetadata": {
                  "key1": {
                    "id": "78azpv0"
                  },
                  "key2": {
                    "id": "78azpv1"
                  },
                  "key3": {
                    "id": "78azpv2"
                  }
                },
                "task": {
                  "annotations": {
                    "outputColumnAnnotations": {
                      "key1": {
                        "type": [
                          "String"
                        ],
                        "_likely_types": [
                          [
                            "String"
                          ],
                          [
                            "Integer"
                          ],
                          [
                            "Phone"
                          ],
                          [
                            "SSN"
                          ],
                          [
                            "Map"
                          ]
                        ]
                      },
                      "key2": {
                        "type": [
                          "String"
                        ],
                        "_likely_types": [
                          [
                            "String"
                          ],
                          [
                            "Integer"
                          ],
                          [
                            "Phone"
                          ],
                          [
                            "SSN"
                          ],
                          [
                            "Map"
                          ]
                        ]
                      },
                      "key3": {
                        "type": [
                          "Datetime",
                          "mm-dd-yy",
                          "mm*dd*yyyy"
                        ],
                        "_likely_types": [
                          [
                            "Datetime",
                            "mm-dd-yy",
                            "mm*dd*yyyy"
                          ],
                          [
                            "Datetime",
                            "dd-mm-yy",
                            "dd*mm*yyyy"
                          ],
                          [
                            "String"
                          ],
                          [
                            "Integer"
                          ],
                          [
                            "Phone"
                          ]
                        ]
                      }
                    }
                  },
                  "kind": "task",
                  "type": "SplitPatterns",
                  "parameters": {
                    "col": {
                      "kind": "column",
                      "type": "Column",
                      "value": "key",
                      "relation": null
                    },
                    "on": {
                      "kind": "constant",
                      "type": "String",
                      "value": "-"
                    },
                    "limit": {
                      "kind": "constant",
                      "type": "Integer",
                      "value": 2
                    },
                    "type": {
                      "kind": "bundle",
                      "type": "Bundle",
                      "value": "on"
                    },
                    "as": {
                      "kind": "array",
                      "type": "Array",
                      "value": [
                        {
                          "kind": "constant",
                          "type": "String",
                          "value": "key1"
                        },
                        {
                          "kind": "constant",
                          "type": "String",
                          "value": "key2"
                        },
                        {
                          "kind": "constant",
                          "type": "String",
                          "value": "key3"
                        }
                      ]
                    }
                  },
                  "outputName": null
                },
                "tableData": null,
                "portId": null,
                "id": 10581707,
                "hash": "3e5694c55a51f97b4d58304a610f084ff4059359",
                "pbemappingartifacts": [],
                "targetmappingartifacts": [],
                "dependencies": []
              },
              {
                "columnMetadata": {},
                "task": {
                  "annotations": {},
                  "kind": "task",
                  "type": "Rename",
                  "parameters": {
                    "type": {
                      "kind": "bundle",
                      "type": "Bundle",
                      "value": "manual"
                    },
                    "mapping": {
                      "kind": "matrix",
                      "type": "Matrix",
                      "value": [
                        {
                          "kind": "array",
                          "type": "Array",
                          "value": [
                            {
                              "kind": "column",
                              "type": "Column",
                              "value": "key1",
                              "relation": null
                            },
                            {
                              "kind": "constant",
                              "type": "String",
                              "value": "PHASE"
                            }
                          ]
                        }
                      ]
                    }
                  },
                  "outputName": null
                },
                "tableData": null,
                "portId": null,
                "id": 10581709,
                "hash": "8be1692682a3a57fea88b20ac99f19f978091fef",
                "pbemappingartifacts": [],
                "targetmappingartifacts": [],
                "dependencies": []
              },
              {
                "columnMetadata": {},
                "task": {
                  "annotations": {},
                  "kind": "task",
                  "type": "Rename",
                  "parameters": {
                    "type": {
                      "kind": "bundle",
                      "type": "Bundle",
                      "value": "manual"
                    },
                    "mapping": {
                      "kind": "matrix",
                      "type": "Matrix",
                      "value": [
                        {
                          "kind": "array",
                          "type": "Array",
                          "value": [
                            {
                              "kind": "column",
                              "type": "Column",
                              "value": "key2",
                              "relation": null
                            },
                            {
                              "kind": "constant",
                              "type": "String",
                              "value": "PERIOD TYPE"
                            }
                          ]
                        }
                      ]
                    }
                  },
                  "outputName": null
                },
                "tableData": null,
                "portId": null,
                "id": 10581715,
                "hash": "54f6409590464d6d085c31101c3e2499d5bce9aa",
                "pbemappingartifacts": [],
                "targetmappingartifacts": [],
                "dependencies": []
              },
              {
                "columnMetadata": {},
                "task": {
                  "annotations": {},
                  "kind": "task",
                  "type": "Rename",
                  "parameters": {
                    "type": {
                      "kind": "bundle",
                      "type": "Bundle",
                      "value": "manual"
                    },
                    "mapping": {
                      "kind": "matrix",
                      "type": "Matrix",
                      "value": [
                        {
                          "kind": "array",
                          "type": "Array",
                          "value": [
                            {
                              "kind": "column",
                              "type": "Column",
                              "value": "key3",
                              "relation": null
                            },
                            {
                              "kind": "constant",
                              "type": "String",
                              "value": "PERIOD"
                            }
                          ]
                        }
                      ]
                    }
                  },
                  "outputName": null
                },
                "tableData": null,
                "portId": null,
                "id": 10581716,
                "hash": "80333e9d7177dd59e74f765dfe115f7af6c51009",
                "pbemappingartifacts": [],
                "targetmappingartifacts": [],
                "dependencies": []
              },
              {
                "columnMetadata": {},
                "task": {
                  "annotations": {},
                  "kind": "task",
                  "type": "Rename",
                  "parameters": {
                    "type": {
                      "kind": "bundle",
                      "type": "Bundle",
                      "value": "manual"
                    },
                    "mapping": {
                      "kind": "matrix",
                      "type": "Matrix",
                      "value": [
                        {
                          "kind": "array",
                          "type": "Array",
                          "value": [
                            {
                              "kind": "column",
                              "type": "Column",
                              "value": "value",
                              "relation": null
                            },
                            {
                              "kind": "constant",
                              "type": "String",
                              "value": "VALUE"
                            }
                          ]
                        }
                      ]
                    }
                  },
                  "outputName": null
                },
                "tableData": null,
                "portId": null,
                "id": 10581717,
                "hash": "d52314ba5d513e190fd56d7e50efbdfd5eb89cb9",
                "pbemappingartifacts": [],
                "targetmappingartifacts": [],
                "dependencies": []
              }
            ],
            "dqScriptRules": []
          }
        ],
        "outputobjects": [],
        "datasources": [
          {
            "path": "/cjardim@trifacta.com/upload/75782ed2-9be1-49ca-aabc-5bc1b588774d/Excel_Crosstab.xlsx",
            "bucket": "dataprep-staging-592e1ddb-fca8-4085-9d58-86d3fb94cd04",
            "userinfo": null,
            "type": "gs",
            "host": null,
            "isDynamicOrConverted": true,
            "id": 872899,
            "dynamicPath": null,
            "cpProject": "trifacta-content-repository",
            "connectionId": null,
            "isSchematized": false,
            "isDynamic": false,
            "isConverted": true,
            "disableTypeInference": false,
            "hasStructuring": false,
            "parsingScriptId": 1818069,
            "convertedSource": {
              "selection": [
                "Feuil1"
              ],
              "id": 3230
            },
            "storageLocation": {
              "fullUri": "gs://dataprep-staging-592e1ddb-fca8-4085-9d58-86d3fb94cd04/cjardim@trifacta.com/upload/75782ed2-9be1-49ca-aabc-5bc1b588774d/Excel_Crosstab.xlsx",
              "id": 11852801,
              "path": "/cjardim@trifacta.com/upload/75782ed2-9be1-49ca-aabc-5bc1b588774d/Excel_Crosstab.xlsx",
              "size": 12261,
              "type": "gs",
              "bucket": "dataprep-staging-592e1ddb-fca8-4085-9d58-86d3fb94cd04",
              "blobHost": null,
              "container": null,
              "hash": "47cd9a288a1045f4fe8456eb05b4b85ff4526965",
              "host": null,
              "userinfo": null
            },
            "runParameters": []
          }
        ],
        "webhookflowtasks": []
      }
    ]
  },
  "hash": "PCmhdf7hncZyviVFFDzph/FJY8Ied8Zd"
}